actual,predicted,confidence
cat,cat,0.871533989906311
ship,ship,0.9999958276748657
ship,ship,0.9545174837112427
airplane,airplane,0.9629477858543396
frog,frog,0.9993234872817993
frog,frog,0.9975141286849976
automobile,automobile,0.7438719868659973
frog,frog,0.9999934434890747
cat,cat,0.999847412109375
automobile,automobile,0.9999384880065918
airplane,airplane,0.9821746349334717
truck,truck,1.0
dog,cat,0.514779806137085
horse,horse,0.9990979433059692
truck,truck,1.0
ship,ship,0.9897856116294861
dog,dog,0.9999839067459106
horse,horse,0.9999929666519165
ship,ship,1.0
frog,frog,0.9999938011169434
horse,horse,0.4931105971336365
airplane,airplane,0.9997369647026062
deer,deer,0.9808995723724365
truck,truck,1.0
dog,dog,0.9994499087333679
bird,cat,0.39743703603744507
deer,deer,0.8524123430252075
airplane,airplane,0.9999940395355225
truck,truck,0.9999815225601196
frog,frog,0.9999761581420898
frog,frog,0.9989292025566101
dog,dog,0.9997926354408264
deer,deer,0.9867786169052124
dog,dog,0.9789190292358398
truck,truck,0.9999998807907104
bird,bird,0.9999229907989502
deer,deer,0.9998264908790588
automobile,truck,0.9991979002952576
truck,truck,0.9999997615814209
dog,dog,0.9999960660934448
deer,deer,0.9954657554626465
frog,frog,0.997219443321228
dog,dog,0.9571523070335388
frog,frog,0.9950941801071167
airplane,airplane,0.9948878884315491
truck,truck,0.9999983310699463
cat,cat,0.99638831615448
truck,truck,0.6588807702064514
horse,horse,0.9902639389038086
frog,frog,0.9999005794525146
truck,truck,0.9999876022338867
ship,ship,0.9999949932098389
airplane,airplane,0.975113034248352
cat,cat,0.9901070594787598
ship,ship,0.9999991655349731
ship,ship,0.9999940395355225
horse,horse,0.9845598936080933
horse,cat,0.9362214803695679
deer,cat,0.5261605381965637
frog,cat,0.8188384175300598
horse,horse,0.9986168146133423
cat,dog,0.5997243523597717
frog,frog,0.9681884050369263
cat,cat,0.9979932308197021
frog,frog,0.9996923208236694
bird,bird,0.9999988079071045
automobile,automobile,0.999991774559021
bird,bird,0.999994158744812
cat,cat,0.5331299304962158
horse,horse,0.5717251896858215
bird,bird,0.999291181564331
frog,frog,0.9996565580368042
ship,ship,0.9992297887802124
ship,ship,0.9372938871383667
airplane,airplane,0.9985843896865845
bird,bird,0.9999964237213135
truck,truck,0.9998347759246826
cat,cat,0.9938566088676453
cat,cat,0.8125911355018616
ship,ship,0.9999668598175049
ship,ship,0.9999988079071045
automobile,automobile,0.9647019505500793
automobile,automobile,0.9999998807907104
horse,horse,0.9790873527526855
bird,horse,0.6194624900817871
dog,dog,0.9988856911659241
bird,bird,0.47855615615844727
horse,airplane,0.9366598725318909
ship,ship,0.9999974966049194
truck,truck,0.9999980926513672
airplane,airplane,0.9608785510063171
cat,cat,0.99953293800354
ship,ship,0.9999974966049194
frog,frog,0.9999964237213135
deer,deer,0.6984533667564392
frog,cat,0.5290940999984741
frog,frog,0.9987286925315857
airplane,airplane,0.42566239833831787
airplane,airplane,0.9999903440475464
horse,horse,0.9999998807907104
deer,deer,0.9946850538253784
dog,dog,0.9991626739501953
frog,frog,0.9996860027313232
cat,cat,0.9989433884620667
automobile,automobile,0.9999988079071045
automobile,automobile,0.9999986886978149
cat,cat,0.9909170269966125
frog,frog,0.9999994039535522
ship,ship,0.9999587535858154
horse,horse,0.9999967813491821
deer,deer,0.9934086799621582
airplane,airplane,0.5576313734054565
frog,bird,0.48744717240333557
bird,bird,0.7216082811355591
automobile,automobile,0.9999926090240479
cat,cat,0.9497092366218567
airplane,airplane,0.9979473948478699
deer,deer,0.9610875844955444
bird,frog,0.7842053174972534
horse,horse,0.6903001070022583
ship,ship,0.9988958835601807
cat,cat,0.8875455260276794
automobile,automobile,0.9999697208404541
bird,bird,0.9998780488967896
ship,ship,0.9837138652801514
airplane,ship,0.8034859895706177
ship,ship,0.9999724626541138
cat,cat,0.6116955280303955
dog,cat,0.5057278275489807
bird,bird,0.9999946355819702
deer,deer,0.9999805688858032
automobile,automobile,0.9999961853027344
ship,ship,1.0
truck,truck,0.9999992847442627
automobile,automobile,0.9910277724266052
bird,bird,0.9999665021896362
truck,truck,0.9999829530715942
horse,horse,0.9997666478157043
bird,bird,0.5022112131118774
truck,truck,0.8798823952674866
frog,frog,0.7171841859817505
dog,dog,0.9885369539260864
frog,frog,0.999998927116394
cat,dog,0.5910784602165222
ship,ship,0.9999877214431763
horse,horse,0.993241548538208
frog,frog,0.9999998807907104
bird,frog,0.6085214614868164
dog,dog,0.8135201334953308
bird,bird,0.9993323683738708
ship,airplane,0.4392443299293518
truck,truck,0.9925099611282349
frog,frog,1.0
airplane,airplane,0.9975595474243164
airplane,airplane,0.9999889135360718
dog,dog,0.9793647527694702
bird,bird,0.994491696357727
truck,truck,0.9999419450759888
dog,dog,0.919331431388855
deer,deer,0.9999994039535522
bird,airplane,0.794609785079956
automobile,automobile,0.9999995231628418
frog,cat,0.6423462629318237
frog,frog,0.9999833106994629
ship,airplane,0.9998632669448853
deer,deer,0.9820636510848999
ship,ship,0.9998254179954529
deer,deer,0.9996449947357178
dog,dog,0.9990876913070679
airplane,ship,0.7293787598609924
truck,truck,0.9999998807907104
truck,truck,0.9115311503410339
truck,truck,0.9998528957366943
ship,ship,0.9786279797554016
truck,truck,0.9999947547912598
truck,truck,0.9999998807907104
cat,cat,0.997686505317688
horse,horse,0.9999524354934692
dog,cat,0.5808494687080383
airplane,airplane,0.9816172122955322
airplane,airplane,0.9938585162162781
dog,dog,0.9997920393943787
bird,bird,0.9999995231628418
bird,bird,0.928015947341919
cat,airplane,0.33982008695602417
ship,ship,1.0
frog,frog,0.9975342750549316
cat,cat,0.9999066591262817
deer,cat,0.9141988158226013
airplane,airplane,0.9914506077766418
dog,deer,0.5052258968353271
ship,ship,0.9951311349868774
airplane,airplane,0.9763325452804565
automobile,automobile,0.8073404431343079
horse,horse,0.9999910593032837
bird,cat,0.4890859127044678
ship,ship,0.9999978542327881
ship,ship,0.9991573095321655
horse,horse,0.6984705924987793
ship,ship,0.9999997615814209
dog,dog,0.998752236366272
automobile,truck,0.7611820697784424
ship,ship,0.9999855756759644
horse,horse,0.9761587977409363
automobile,automobile,0.9999980926513672
cat,cat,0.9967880249023438
airplane,airplane,0.9999780654907227
dog,dog,0.9999265670776367
horse,horse,0.9999953508377075
truck,truck,0.9998462200164795
horse,horse,0.8123355507850647
deer,deer,0.9950127005577087
dog,dog,0.9997407793998718
truck,truck,0.8287181258201599
ship,bird,0.7199872136116028
airplane,airplane,0.9999899864196777
horse,horse,0.9996417760848999
truck,truck,0.9414496421813965
ship,ship,0.9915781021118164
bird,bird,0.9995692372322083
horse,horse,0.9721524119377136
frog,frog,0.9796383380889893
truck,truck,0.9999997615814209
deer,deer,0.9031785726547241
cat,cat,0.9132164120674133
truck,truck,0.9999911785125732
frog,cat,0.40458357334136963
deer,deer,0.997712254524231
horse,horse,0.9981634020805359
frog,frog,0.8525374531745911
dog,dog,0.999998927116394
automobile,automobile,0.9998490810394287
dog,cat,0.628984808921814
ship,ship,0.9990988969802856
ship,ship,0.9999936819076538
airplane,airplane,0.9999929666519165
deer,deer,0.9998711347579956
airplane,airplane,0.9706907868385315
dog,dog,0.9420604109764099
dog,dog,0.9968875050544739
automobile,automobile,1.0
automobile,automobile,0.6235341429710388
ship,ship,0.99997878074646
truck,truck,0.9984281063079834
airplane,airplane,0.9939690828323364
cat,cat,0.9088683128356934
automobile,automobile,0.9957142472267151
truck,truck,0.999855637550354
bird,bird,0.9899774789810181
bird,bird,0.6656760573387146
dog,dog,0.9998337030410767
cat,cat,0.9747435450553894
truck,truck,0.999997615814209
truck,truck,0.9998428821563721
deer,deer,0.9984235763549805
airplane,airplane,0.9912022352218628
cat,cat,0.9985095858573914
airplane,airplane,0.9993663430213928
airplane,ship,0.9812297821044922
truck,truck,0.9944373369216919
ship,ship,0.9998601675033569
automobile,automobile,0.9869070053100586
dog,dog,0.9992002844810486
horse,horse,0.999915599822998
airplane,ship,0.7696768641471863
ship,ship,0.9389681220054626
bird,bird,0.9530309438705444
deer,deer,0.9999927282333374
horse,horse,0.9999953508377075
airplane,airplane,0.9991680383682251
bird,bird,0.9999992847442627
cat,cat,0.9186360836029053
frog,frog,0.9999971389770508
cat,cat,0.9991594552993774
ship,ship,0.999872088432312
dog,dog,0.8059287667274475
airplane,airplane,0.9898192286491394
cat,cat,0.9449719786643982
deer,deer,0.998979389667511
cat,cat,0.9975425004959106
truck,truck,0.9997708201408386
airplane,airplane,0.9999698400497437
frog,frog,0.9981359243392944
automobile,automobile,0.9995145797729492
airplane,airplane,0.5698192119598389
truck,truck,0.9999998807907104
automobile,automobile,0.9991193413734436
airplane,ship,0.7220830917358398
horse,horse,0.9999195337295532
truck,truck,0.9999642372131348
automobile,automobile,0.9983880519866943
bird,bird,0.999961256980896
frog,frog,0.9999984502792358
truck,automobile,0.9653411507606506
cat,cat,0.9991980195045471
deer,deer,0.994130551815033
frog,frog,1.0
airplane,airplane,0.9999783039093018
airplane,airplane,0.9998456239700317
frog,frog,0.9999052286148071
frog,frog,1.0
frog,frog,0.9999998807907104
cat,dog,0.9584039449691772
bird,bird,0.9999990463256836
frog,frog,0.9999998807907104
automobile,automobile,0.9755166172981262
ship,ship,0.9990215301513672
bird,bird,0.9655300378799438
automobile,truck,0.7419434189796448
frog,frog,0.7657812833786011
ship,ship,0.9601871967315674
frog,frog,1.0
ship,ship,0.7518096566200256
airplane,airplane,0.43248653411865234
deer,deer,0.9990660548210144
airplane,airplane,0.9996335506439209
horse,horse,0.9350568056106567
horse,horse,0.9983590245246887
dog,dog,0.9999953508377075
dog,dog,0.9978360533714294
cat,cat,0.9998829364776611
dog,dog,0.9995573163032532
bird,bird,0.9994439482688904
cat,cat,0.9486967325210571
deer,deer,0.9605695605278015
automobile,automobile,0.9357461929321289
horse,horse,0.9956515431404114
dog,dog,0.9989544153213501
deer,deer,0.9974148273468018
frog,frog,0.9998519420623779
automobile,automobile,0.9997430443763733
truck,truck,0.9979027509689331
cat,cat,0.947015643119812
frog,frog,1.0
frog,frog,0.9999994039535522
truck,truck,0.994884192943573
cat,cat,0.9999983310699463
ship,ship,0.9999994039535522
airplane,airplane,0.9998157620429993
horse,horse,0.9986550807952881
bird,bird,0.9682430624961853
frog,frog,0.9995070695877075
bird,bird,0.9474760293960571
dog,dog,0.907952606678009
ship,ship,0.9999908208847046
dog,dog,0.9973183274269104
deer,deer,0.9652040004730225
frog,frog,0.9999996423721313
ship,ship,0.9998800754547119
truck,truck,0.99904865026474
truck,truck,0.9999788999557495
automobile,automobile,0.9999635219573975
airplane,airplane,0.5461586117744446
bird,bird,0.9993669390678406
bird,bird,0.99950110912323
horse,deer,0.5854066610336304
cat,dog,0.554470956325531
bird,bird,0.9916325211524963
ship,ship,0.9999845027923584
airplane,airplane,0.7705065608024597
truck,truck,0.9999537467956543
dog,dog,0.9931786060333252
ship,ship,0.999998927116394
automobile,automobile,0.9993941783905029
truck,truck,0.9999995231628418
deer,deer,0.7935658693313599
automobile,automobile,0.7232304811477661
cat,cat,0.9424499869346619
ship,ship,0.9486368894577026
automobile,automobile,0.9992473125457764
deer,deer,0.8657932281494141
horse,horse,0.9998527765274048
truck,truck,0.9999226331710815
deer,deer,0.9996649026870728
bird,bird,0.9998668432235718
horse,horse,0.9672118425369263
airplane,airplane,0.9721899628639221
horse,horse,0.740436851978302
airplane,ship,0.9996604919433594
frog,frog,0.9999998807907104
frog,frog,0.9983781576156616
truck,truck,0.9998233914375305
airplane,airplane,0.811349093914032
truck,truck,0.9999938011169434
bird,dog,0.8817521333694458
ship,ship,0.8733189702033997
horse,horse,0.9996962547302246
bird,bird,0.9066186547279358
bird,bird,0.6491324305534363
dog,dog,0.9999839067459106
automobile,automobile,0.9999994039535522
bird,bird,0.9999775886535645
frog,frog,0.9999047517776489
bird,bird,0.995598554611206
truck,truck,0.7848681211471558
frog,frog,0.9999936819076538
bird,bird,0.9880585074424744
cat,cat,0.7051030397415161
airplane,truck,0.5258874893188477
cat,cat,0.8935914039611816
truck,truck,0.999942421913147
ship,ship,0.9994511008262634
horse,horse,0.9915869235992432
ship,ship,0.9999115467071533
ship,ship,0.9999994039535522
deer,deer,0.9973235726356506
airplane,airplane,0.999954104423523
automobile,automobile,0.9996566772460938
ship,ship,0.998646080493927
bird,bird,0.9548035264015198
horse,horse,0.9999264478683472
truck,truck,0.9999291896820068
cat,cat,0.9024916887283325
frog,frog,0.9999535083770752
automobile,automobile,0.9761141538619995
truck,truck,0.9999963045120239
airplane,airplane,0.8899949193000793
horse,horse,0.9643339514732361
cat,cat,0.7095268368721008
horse,horse,0.999950647354126
deer,deer,0.9455538988113403
dog,dog,0.9657535552978516
airplane,ship,0.8882282376289368
airplane,airplane,0.9925103187561035
bird,bird,0.9966398477554321
truck,truck,0.9999958276748657
cat,cat,0.8169435262680054
deer,deer,0.9985824823379517
airplane,airplane,0.7244760394096375
frog,frog,0.9996840953826904
bird,bird,0.9949707984924316
dog,dog,0.9882254600524902
cat,cat,0.5901029706001282
horse,horse,0.543700635433197
cat,cat,0.6834090352058411
horse,horse,0.9999991655349731
bird,bird,0.9849401116371155
dog,dog,0.9895106554031372
cat,cat,0.6281120777130127
automobile,automobile,0.9992902278900146
automobile,automobile,0.9999990463256836
deer,deer,0.9311180114746094
truck,truck,0.9999988079071045
truck,truck,0.9999388456344604
dog,dog,0.9925894737243652
horse,horse,0.9997462630271912
dog,dog,0.9649630188941956
airplane,airplane,0.9893568158149719
bird,bird,0.9999974966049194
bird,airplane,0.5310264825820923
bird,bird,0.962213397026062
truck,truck,0.9980785846710205
horse,horse,0.9968525767326355
cat,cat,0.986389696598053
truck,truck,0.9999980926513672
deer,deer,0.9956685304641724
cat,frog,0.5857484340667725
dog,dog,0.9999324083328247
deer,cat,0.6933479309082031
frog,frog,0.9992945194244385
dog,dog,0.9992715716362
frog,frog,0.9958909749984741
automobile,automobile,0.9987701773643494
deer,deer,0.8642958998680115
cat,cat,0.9997618794441223
deer,deer,0.9941970109939575
deer,deer,0.9966214895248413
cat,cat,0.9993357062339783
horse,deer,0.508179783821106
ship,ship,0.9997099041938782
cat,cat,0.4440311789512634
horse,horse,0.9980280995368958
ship,ship,0.9999998807907104
airplane,airplane,0.9999630451202393
dog,cat,0.640254557132721
horse,horse,0.9605972766876221
frog,frog,0.8112074136734009
airplane,airplane,0.9861682057380676
dog,dog,0.9999980926513672
deer,deer,0.975409984588623
ship,ship,0.9553871750831604
frog,frog,0.9999626874923706
ship,ship,0.9999830722808838
dog,dog,0.6219730973243713
dog,dog,0.9993892908096313
truck,truck,0.9822194576263428
truck,truck,0.9999978542327881
truck,truck,0.9999996423721313
dog,deer,0.4042699635028839
airplane,airplane,0.9440586566925049
automobile,automobile,1.0
airplane,airplane,0.9999904632568359
ship,ship,0.999982476234436
automobile,automobile,0.999868631362915
automobile,automobile,0.99978107213974
ship,ship,0.9994353652000427
airplane,ship,0.3901476263999939
bird,bird,0.9792328476905823
bird,bird,0.9999544620513916
airplane,airplane,0.9999819993972778
deer,deer,0.9933246970176697
frog,frog,0.9975334405899048
dog,dog,0.9960493445396423
deer,deer,0.9016746282577515
truck,truck,0.9999997615814209
deer,deer,0.993969202041626
horse,horse,0.997944176197052
truck,truck,0.9997684359550476
truck,truck,0.9994542002677917
deer,deer,0.999963641166687
dog,dog,0.9999958276748657
frog,frog,0.9999864101409912
frog,frog,0.9999998807907104
automobile,automobile,0.9992741942405701
dog,dog,0.9468940496444702
cat,cat,0.970192551612854
ship,ship,0.9999972581863403
truck,truck,0.9994422793388367
dog,cat,0.4964807331562042
ship,ship,0.9834686517715454
dog,dog,0.978598415851593
horse,horse,0.9984179735183716
airplane,airplane,0.5128154754638672
horse,horse,0.9996678829193115
airplane,airplane,0.9978927969932556
dog,cat,0.9590356349945068
airplane,deer,0.878722071647644
airplane,airplane,0.9964814186096191
deer,deer,0.9920627474784851
frog,frog,0.9999831914901733
truck,truck,1.0
airplane,deer,0.5785830616950989
truck,truck,0.9996381998062134
dog,dog,0.9999924898147583
frog,frog,0.9499921202659607
frog,frog,0.9997808337211609
frog,frog,0.9999994039535522
bird,bird,0.9590426683425903
truck,truck,0.9819644689559937
airplane,airplane,0.9973888993263245
automobile,automobile,0.9999614953994751
horse,horse,0.9506877064704895
frog,frog,0.9999914169311523
horse,horse,0.9999560117721558
dog,dog,0.9978931546211243
truck,truck,1.0
automobile,automobile,0.9999637603759766
frog,frog,0.9999560117721558
bird,bird,0.9864003658294678
dog,dog,0.9729865193367004
dog,dog,0.997923731803894
dog,horse,0.4653871953487396
ship,ship,0.9992672801017761
dog,dog,0.7732688188552856
truck,truck,0.9999562501907349
deer,deer,0.9327048063278198
frog,frog,0.9012205600738525
deer,deer,0.9999943971633911
cat,cat,0.9991300702095032
bird,bird,1.0
airplane,airplane,0.9998990297317505
horse,horse,0.9916307330131531
frog,frog,0.9991829991340637
bird,bird,0.6486681699752808
bird,bird,0.990183413028717
cat,cat,0.9882644414901733
truck,truck,0.9999990463256836
horse,cat,0.6131788492202759
truck,truck,0.9999107122421265
bird,bird,0.9999635219573975
frog,frog,0.999967098236084
horse,horse,0.99980229139328
automobile,automobile,0.9987398982048035
cat,cat,0.9034714102745056
frog,frog,0.9977380037307739
frog,frog,0.998471200466156
ship,ship,1.0
truck,truck,0.9890368580818176
horse,horse,0.9769390225410461
dog,dog,0.8879416584968567
deer,deer,0.9903428554534912
airplane,airplane,0.971541166305542
ship,ship,1.0
deer,deer,0.9759033918380737
airplane,airplane,0.9993792772293091
truck,truck,0.9997662901878357
cat,cat,0.9198142290115356
deer,deer,0.9883584380149841
ship,ship,1.0
truck,truck,0.9999995231628418
frog,frog,0.9999998807907104
truck,truck,0.9999953508377075
bird,bird,1.0
frog,frog,0.9999933242797852
automobile,automobile,0.9997466206550598
deer,deer,0.9970003962516785
horse,horse,0.9995940327644348
cat,cat,0.9082001447677612
dog,dog,0.5267115235328674
cat,cat,0.9984803795814514
ship,ship,0.9016678333282471
dog,dog,0.928987443447113
airplane,airplane,0.9999300241470337
bird,bird,0.9999998807907104
automobile,automobile,1.0
frog,frog,0.9999030828475952
deer,deer,0.8180701732635498
cat,cat,0.9693850874900818
cat,cat,0.9999814033508301
truck,truck,0.9999996423721313
frog,frog,0.9999561309814453
truck,truck,0.9888801574707031
ship,ship,0.9994310736656189
ship,ship,0.9999852180480957
dog,dog,0.9999958276748657
ship,ship,0.9988827109336853
frog,frog,0.9999901056289673
frog,frog,0.7361629009246826
bird,bird,0.9109609723091125
automobile,automobile,0.9999933242797852
horse,horse,0.9993106126785278
horse,horse,0.9817352890968323
automobile,automobile,0.9999392032623291
bird,bird,0.9957761168479919
horse,horse,0.9984791874885559
truck,truck,0.999994158744812
truck,truck,0.9998272061347961
deer,deer,0.9964794516563416
deer,deer,0.9872506856918335
automobile,automobile,0.9589641690254211
bird,bird,0.9998257756233215
dog,dog,0.8647433519363403
frog,frog,0.9668497443199158
ship,ship,0.9999978542327881
horse,horse,0.9306585192680359
frog,frog,0.9998239874839783
ship,ship,0.9997649788856506
cat,cat,0.9788803458213806
airplane,airplane,0.8624619841575623
dog,cat,0.8543139100074768
dog,cat,0.9527549147605896
cat,cat,0.8891828656196594
airplane,airplane,0.9316217303276062
horse,horse,0.9946828484535217
truck,truck,0.9998664855957031
automobile,automobile,0.9871519804000854
cat,cat,0.9281108379364014
deer,deer,0.9948822259902954
deer,deer,0.9999819993972778
dog,dog,0.9974421262741089
cat,cat,0.9999998807907104
truck,truck,0.9979154467582703
dog,dog,0.9990904331207275
frog,frog,0.9999973773956299
truck,truck,0.9999290704727173
bird,deer,0.9952893257141113
automobile,automobile,0.9999982118606567
automobile,automobile,0.9991626739501953
deer,deer,0.9784646034240723
automobile,automobile,0.9970076680183411
truck,truck,0.9999551773071289
deer,deer,0.9675465226173401
horse,horse,0.9999973773956299
frog,frog,0.9762706160545349
cat,cat,0.9998733997344971
ship,airplane,0.9884915351867676
truck,truck,0.9999972581863403
airplane,airplane,0.9979448914527893
automobile,automobile,0.9970792531967163
cat,cat,0.9942265748977661
frog,frog,0.9999979734420776
cat,cat,0.9094926118850708
frog,frog,0.9966008067131042
cat,cat,0.9999996423721313
bird,bird,0.8060330152511597
airplane,airplane,0.700597882270813
cat,cat,0.9999953508377075
automobile,automobile,0.7741814851760864
airplane,airplane,0.950034499168396
dog,dog,0.9982705116271973
truck,truck,0.848987877368927
frog,frog,0.9999693632125854
deer,horse,0.685840904712677
ship,airplane,0.5238383412361145
truck,truck,0.9999781847000122
frog,frog,0.8727068901062012
truck,truck,0.9992608428001404
frog,frog,0.7965434789657593
cat,cat,0.6814817786216736
airplane,airplane,0.996002733707428
cat,cat,0.9995597004890442
bird,bird,0.9999992847442627
bird,bird,0.6435413360595703
horse,horse,0.9982942938804626
ship,ship,0.9999996423721313
cat,cat,0.999983549118042
ship,ship,0.9988875985145569
bird,bird,0.933700680732727
horse,horse,0.9908462166786194
dog,dog,0.9985804557800293
horse,horse,0.9997195601463318
bird,bird,0.999945878982544
deer,deer,0.9999459981918335
ship,ship,0.9999810457229614
horse,horse,0.9821688532829285
deer,deer,0.9954286813735962
bird,bird,0.9992586970329285
truck,truck,0.9998451471328735
ship,ship,0.9999910593032837
ship,ship,0.9999954700469971
frog,frog,0.9993399977684021
ship,ship,0.6920933127403259
ship,ship,0.9999996423721313
horse,horse,0.999667763710022
deer,deer,0.9999121427536011
cat,cat,0.9998970031738281
cat,cat,0.9983470439910889
ship,ship,0.8887226581573486
deer,deer,0.9660846590995789
truck,truck,0.9999810457229614
deer,deer,0.993980884552002
ship,ship,0.9999850988388062
ship,ship,0.9999985694885254
automobile,automobile,0.9999604225158691
ship,ship,0.965289831161499
bird,truck,0.49147629737854004
automobile,automobile,0.9996135830879211
cat,cat,0.7809712290763855
frog,ship,0.9668944478034973
dog,dog,0.9998852014541626
deer,deer,0.972870945930481
bird,bird,0.9997307658195496
horse,horse,0.9999991655349731
truck,truck,0.9835023283958435
truck,truck,0.668785572052002
deer,deer,0.9042543172836304
automobile,automobile,0.9950371384620667
deer,deer,0.9909608960151672
automobile,automobile,0.9999982118606567
cat,cat,0.5118020176887512
bird,bird,0.973158061504364
horse,horse,0.9998295307159424
airplane,airplane,0.9999171495437622
horse,horse,0.9995594620704651
truck,truck,0.7537775039672852
horse,horse,0.99992835521698
frog,frog,0.9750227332115173
frog,frog,0.9999932050704956
bird,bird,0.9993867874145508
dog,dog,0.6917476654052734
truck,truck,0.9999997615814209
bird,bird,0.9891543984413147
truck,truck,0.9999419450759888
automobile,automobile,0.9998619556427002
bird,bird,0.9999630451202393
bird,bird,0.9991788268089294
frog,frog,0.9998985528945923
ship,ship,0.999998927116394
bird,bird,0.9999444484710693
automobile,automobile,0.999975323677063
cat,cat,0.5098002552986145
frog,frog,0.9997599720954895
frog,frog,0.9261437058448792
airplane,airplane,0.9999959468841553
automobile,automobile,0.9999827146530151
bird,bird,0.9999910593032837
horse,horse,0.982738196849823
airplane,airplane,0.9999384880065918
dog,dog,0.9272195100784302
deer,deer,0.9999991655349731
frog,airplane,0.8843648433685303
automobile,automobile,0.908551812171936
frog,frog,0.9999990463256836
deer,deer,0.6429413557052612
airplane,airplane,0.9999899864196777
bird,cat,0.5362404584884644
bird,dog,0.94996577501297
frog,frog,0.9999997615814209
airplane,airplane,0.9999886751174927
dog,cat,0.6575493216514587
truck,truck,0.9999988079071045
automobile,automobile,0.9999903440475464
horse,horse,0.9995457530021667
frog,frog,0.9999856948852539
horse,deer,0.6976961493492126
airplane,airplane,0.964414656162262
cat,cat,0.9999538660049438
truck,truck,0.9936018586158752
frog,frog,0.9919106364250183
ship,ship,0.9999911785125732
cat,cat,0.5974366664886475
airplane,airplane,0.9999963045120239
cat,cat,0.4152258336544037
deer,horse,0.48409605026245117
horse,horse,0.9978393316268921
horse,horse,0.7815155386924744
automobile,automobile,0.9608099460601807
deer,deer,0.981741726398468
horse,horse,0.8801020979881287
bird,bird,0.9934949278831482
horse,horse,0.9999922513961792
automobile,automobile,0.9999959468841553
deer,deer,0.9769043326377869
horse,horse,0.999477207660675
deer,deer,0.8427703380584717
deer,deer,0.97981196641922
ship,ship,0.9997907280921936
deer,deer,0.9973893761634827
horse,horse,0.9996920824050903
horse,horse,0.9999971389770508
dog,cat,0.9106144905090332
cat,cat,0.9332619309425354
horse,horse,0.9937115907669067
bird,bird,1.0
airplane,airplane,0.7075422406196594
ship,ship,0.9999756813049316
truck,truck,0.9999978542327881
dog,cat,0.41312214732170105
ship,ship,0.9998953342437744
cat,cat,0.9990173578262329
frog,frog,0.9959081411361694
bird,bird,0.9998205304145813
airplane,airplane,0.7906866073608398
ship,ship,0.9995425939559937
horse,horse,0.9968001842498779
cat,cat,0.9993558526039124
horse,horse,0.9914094805717468
frog,frog,0.9982232451438904
dog,dog,0.9673891067504883
cat,cat,0.7215514779090881
automobile,automobile,0.9981764554977417
cat,cat,0.9846785068511963
bird,bird,0.9999940395355225
bird,bird,0.9998831748962402
dog,dog,0.9744182825088501
deer,deer,0.9602851867675781
automobile,automobile,0.8887283205986023
bird,bird,0.9657390117645264
truck,truck,0.9999806880950928
bird,bird,1.0
horse,horse,0.9999864101409912
airplane,airplane,0.8858197927474976
horse,horse,0.9996416568756104
bird,bird,0.9999570846557617
automobile,automobile,0.9994576573371887
cat,cat,0.962053120136261
bird,bird,0.9993844032287598
airplane,airplane,0.8758828043937683
bird,bird,0.9997226595878601
deer,deer,0.9997124075889587
horse,dog,0.5989593863487244
truck,truck,0.9999244213104248
ship,ship,0.9878889918327332
truck,automobile,0.88396817445755
airplane,airplane,0.9999960660934448
horse,horse,0.999723494052887
horse,horse,0.8927925229072571
airplane,airplane,0.8834478855133057
horse,horse,0.9999990463256836
ship,ship,0.9999504089355469
deer,deer,0.9927006959915161
frog,frog,0.9660000205039978
cat,frog,0.4492187201976776
cat,dog,0.8936793804168701
airplane,airplane,0.9999911785125732
automobile,automobile,0.9999918937683105
cat,cat,0.6958792805671692
horse,horse,0.9423763155937195
airplane,airplane,0.9999895095825195
automobile,automobile,0.9999349117279053
cat,cat,0.96366286277771
automobile,automobile,0.9999951124191284
deer,deer,0.9991649389266968
bird,bird,0.9999974966049194
cat,cat,0.9999593496322632
ship,ship,0.9992257356643677
deer,deer,0.999994158744812
bird,bird,0.9609256386756897
cat,cat,0.9551536440849304
horse,horse,0.995389461517334
ship,ship,0.9998924732208252
deer,deer,0.44414442777633667
cat,bird,0.8250883221626282
airplane,airplane,0.9202145934104919
truck,truck,0.9982117414474487
airplane,airplane,0.9984799027442932
airplane,ship,0.41078615188598633
automobile,automobile,0.9300880432128906
airplane,ship,0.6627779603004456
deer,deer,0.9963359832763672
deer,deer,0.9163547158241272
frog,frog,0.9988773465156555
horse,horse,0.49870729446411133
frog,frog,0.7919691205024719
automobile,automobile,0.9998612403869629
automobile,automobile,0.9841402769088745
cat,cat,0.9960253238677979
horse,horse,0.7652369737625122
cat,cat,0.9484622478485107
dog,dog,0.9971562623977661
bird,frog,0.6730644702911377
frog,frog,0.9999951124191284
frog,frog,0.999998927116394
dog,dog,0.9996052384376526
ship,ship,0.9986011385917664
horse,horse,0.9963862895965576
automobile,automobile,0.9996172189712524
frog,frog,0.992279052734375
ship,ship,1.0
ship,ship,0.9999998807907104
dog,dog,0.9474700689315796
cat,cat,0.9999998807907104
airplane,airplane,0.9995137453079224
deer,deer,0.9999752044677734
airplane,airplane,0.9997764229774475
automobile,automobile,0.9999948740005493
cat,cat,0.7183240056037903
ship,ship,0.9999954700469971
ship,ship,0.9999771118164062
airplane,airplane,0.9999862909317017
frog,frog,0.9999819993972778
truck,truck,0.9999856948852539
truck,truck,0.9999877214431763
truck,truck,0.9996078610420227
dog,dog,0.4750516414642334
dog,dog,0.9369690418243408
ship,ship,0.9999996423721313
frog,frog,0.9998760223388672
airplane,airplane,0.9999001026153564
airplane,airplane,0.9962826371192932
deer,deer,0.9984569549560547
bird,bird,0.9999991655349731
cat,cat,0.9063153862953186
bird,bird,0.9992037415504456
horse,horse,0.9999980926513672
bird,bird,0.9999247789382935
bird,bird,0.9999809265136719
dog,dog,0.9995611310005188
truck,truck,0.9763962626457214
ship,ship,0.9974883794784546
truck,truck,0.9999979734420776
automobile,automobile,0.7707720994949341
horse,horse,0.9961249232292175
deer,deer,0.8451827764511108
airplane,airplane,0.996619701385498
cat,cat,0.9405484795570374
airplane,airplane,0.9478767514228821
automobile,automobile,0.9999600648880005
cat,deer,0.8959081768989563
ship,ship,0.9999998807907104
cat,cat,0.9992639422416687
truck,truck,0.999996542930603
frog,frog,0.9995844960212708
automobile,ship,0.45644524693489075
deer,deer,0.9999692440032959
horse,horse,0.9996410608291626
airplane,airplane,0.6379855871200562
cat,frog,0.5232064723968506
horse,horse,0.9999821186065674
ship,ship,0.9999996423721313
truck,truck,0.9999195337295532
automobile,automobile,0.9986587762832642
automobile,automobile,0.9786167740821838
frog,frog,0.9999990463256836
frog,frog,0.9995508790016174
frog,dog,0.40891095995903015
frog,cat,0.5493104457855225
truck,truck,0.9978355765342712
automobile,automobile,0.9998501539230347
truck,truck,0.9998918771743774
truck,truck,1.0
deer,deer,0.9999985694885254
bird,bird,0.9979084730148315
automobile,automobile,0.9999841451644897
horse,horse,0.9914416670799255
airplane,airplane,0.9996065497398376
frog,frog,0.9999613761901855
ship,ship,0.9990041851997375
automobile,automobile,0.9999667406082153
truck,truck,0.9994507431983948
bird,bird,0.9999979734420776
truck,truck,0.9999998807907104
airplane,airplane,0.7978872656822205
deer,deer,0.9988792538642883
horse,horse,0.9984959363937378
ship,ship,0.999998927116394
cat,cat,0.9999998807907104
automobile,automobile,0.9999980926513672
bird,bird,0.9999998807907104
airplane,airplane,0.9843832850456238
automobile,automobile,0.9999526739120483
dog,dog,0.9069496989250183
ship,ship,0.9999994039535522
deer,deer,0.8395339250564575
frog,frog,0.8725979924201965
cat,cat,0.9618982672691345
ship,ship,0.9994242191314697
automobile,automobile,0.9625873565673828
cat,cat,0.9999872446060181
ship,ship,0.9999998807907104
dog,dog,0.9990399479866028
airplane,ship,0.6750955581665039
ship,ship,0.9980840682983398
deer,deer,0.9905226826667786
ship,ship,0.9987577199935913
automobile,automobile,0.8683881759643555
automobile,automobile,0.9998176693916321
ship,ship,0.9991253018379211
truck,truck,0.9265050292015076
frog,frog,0.996767520904541
airplane,airplane,0.9998356103897095
ship,ship,0.9999992847442627
frog,frog,0.9999988079071045
automobile,automobile,0.9999517202377319
cat,cat,0.9999887943267822
deer,deer,1.0
automobile,automobile,0.9995100498199463
frog,frog,0.9919087290763855
airplane,airplane,0.9990637898445129
dog,cat,0.7916907072067261
automobile,automobile,0.9996635913848877
automobile,automobile,0.999864935874939
airplane,airplane,0.9982876181602478
airplane,airplane,0.9997711777687073
cat,cat,0.9683597683906555
dog,dog,0.9543961882591248
airplane,airplane,0.96946120262146
airplane,airplane,0.9328234791755676
frog,frog,0.9960060715675354
frog,frog,0.9999994039535522
cat,cat,0.8772771954536438
cat,cat,0.8811089992523193
frog,frog,0.9923536777496338
cat,cat,0.9999434947967529
frog,frog,0.9850350618362427
frog,frog,0.9675626158714294
airplane,airplane,0.9960371851921082
horse,horse,0.998306155204773
bird,bird,0.9999662637710571
bird,bird,0.9329301118850708
horse,bird,0.5830896496772766
dog,dog,0.9992339611053467
dog,bird,0.8777106404304504
bird,horse,0.46818259358406067
ship,ship,0.9999983310699463
dog,dog,0.8997422456741333
bird,bird,0.9997046589851379
automobile,automobile,0.9973506927490234
automobile,automobile,0.9998809099197388
deer,automobile,0.6914114356040955
cat,airplane,0.9732171297073364
bird,bird,0.9985442161560059
airplane,airplane,0.9995760321617126
cat,cat,0.9930342435836792
automobile,automobile,0.9986588954925537
dog,dog,1.0
cat,cat,0.5889209508895874
horse,horse,0.9997864365577698
frog,frog,0.9999998807907104
ship,ship,0.9999285936355591
truck,truck,1.0
automobile,automobile,0.802357017993927
frog,frog,0.9971255660057068
deer,deer,0.9999305009841919
truck,truck,0.884844183921814
cat,cat,0.9977173805236816
truck,truck,0.9999402761459351
airplane,airplane,0.9999375343322754
truck,truck,0.9999934434890747
frog,frog,0.9999954700469971
cat,cat,0.9989101886749268
frog,frog,0.9999994039535522
airplane,airplane,0.9987847208976746
horse,horse,0.9999998807907104
cat,cat,0.9618228077888489
ship,ship,0.9707131385803223
airplane,airplane,0.9994837045669556
airplane,airplane,0.9999994039535522
airplane,airplane,0.997373104095459
frog,frog,0.9998466968536377
frog,frog,0.9535502791404724
frog,frog,0.9999639987945557
truck,truck,0.9993658661842346
bird,bird,1.0
dog,dog,0.9989030361175537
deer,deer,0.9995260238647461
deer,deer,0.9977142810821533
frog,frog,0.9996128678321838
cat,cat,0.715764045715332
frog,frog,0.996036946773529
airplane,airplane,0.6548959016799927
ship,ship,0.9997920393943787
frog,cat,0.4848189949989319
airplane,airplane,0.9283668994903564
frog,frog,0.555000901222229
bird,frog,0.7235148549079895
horse,horse,0.9988536834716797
dog,dog,1.0
automobile,automobile,0.9999850988388062
bird,bird,1.0
horse,horse,0.986831545829773
ship,ship,0.9999980926513672
ship,ship,0.9999998807907104
airplane,airplane,0.997032642364502
truck,truck,0.9761724472045898
deer,deer,0.9818726181983948
truck,truck,0.999957799911499
horse,horse,0.9999403953552246
bird,bird,0.9999910593032837
airplane,airplane,0.9991717338562012
bird,bird,0.9999935626983643
ship,ship,0.9999990463256836
cat,cat,0.8400322198867798
ship,ship,1.0
truck,truck,0.9999434947967529
automobile,automobile,0.99992835521698
dog,dog,0.9999964237213135
dog,dog,0.9998384714126587
deer,deer,0.8298244476318359
horse,horse,0.999992847442627
dog,dog,0.6976142525672913
cat,cat,0.9880361557006836
ship,ship,0.9999902248382568
cat,cat,0.9999386072158813
cat,cat,0.9391636848449707
frog,frog,1.0
bird,bird,0.8471199870109558
ship,ship,1.0
deer,deer,0.9987776875495911
cat,cat,0.7160009145736694
horse,horse,0.9982290863990784
automobile,truck,0.8570280075073242
bird,bird,0.9989500641822815
deer,deer,0.9995203018188477
automobile,automobile,0.6517395973205566
frog,frog,0.9993849992752075
truck,truck,0.9999977350234985
airplane,bird,0.4533306360244751
dog,dog,0.9941293001174927
ship,ship,0.9993875026702881
frog,frog,0.9994126558303833
automobile,automobile,0.999674916267395
ship,ship,0.9999988079071045
frog,frog,0.999980092048645
automobile,automobile,0.9934182167053223
deer,deer,0.9902312159538269
bird,bird,0.9983581900596619
frog,frog,0.9699680805206299
bird,bird,0.9998923540115356
horse,horse,0.9638696908950806
bird,deer,0.8925328850746155
bird,bird,0.9103992581367493
airplane,airplane,0.9894725680351257
ship,ship,0.9999427795410156
frog,frog,0.9869076013565063
truck,truck,0.9994254112243652
automobile,automobile,0.9989192485809326
horse,horse,0.7889700531959534
automobile,automobile,0.9925209283828735
ship,ship,0.9999880790710449
ship,ship,0.999976396560669
airplane,airplane,0.9999643564224243
horse,horse,0.9978753328323364
cat,dog,0.7373854517936707
ship,ship,0.9998663663864136
airplane,deer,0.6504800915718079
cat,dog,0.5657824873924255
deer,deer,0.5890347361564636
cat,cat,0.8866724967956543
horse,horse,0.9979683756828308
horse,horse,0.9998701810836792
truck,truck,1.0
bird,bird,0.9999972581863403
cat,cat,0.5083625316619873
automobile,automobile,0.9999978542327881
truck,truck,0.999990701675415
automobile,automobile,0.9999974966049194
truck,truck,0.9311569929122925
frog,frog,0.9953888654708862
cat,cat,0.9255188703536987
cat,cat,0.574498176574707
cat,frog,0.9047883152961731
automobile,automobile,0.9999996423721313
airplane,airplane,0.9998997449874878
frog,frog,0.9793171286582947
automobile,automobile,0.9925152659416199
deer,deer,0.9998977184295654
automobile,automobile,0.9999758005142212
airplane,airplane,0.9992355108261108
airplane,airplane,0.9956433773040771
automobile,automobile,0.999998927116394
automobile,truck,0.72156822681427
frog,frog,0.9999995231628418
dog,dog,0.8877094984054565
deer,deer,0.9862399697303772
frog,frog,0.9997945427894592
bird,bird,1.0
airplane,airplane,0.9998714923858643
horse,horse,0.9875050783157349
truck,truck,0.9994412064552307
ship,ship,0.9996564388275146
horse,horse,0.9661038517951965
bird,bird,0.9995589852333069
airplane,airplane,0.9993618130683899
frog,frog,0.9999918937683105
ship,ship,0.9941458702087402
automobile,automobile,0.9999793767929077
deer,deer,0.9999786615371704
cat,cat,0.7904269099235535
horse,horse,0.9991856217384338
airplane,airplane,0.986785352230072
frog,frog,0.9257436990737915
automobile,automobile,0.9999257326126099
ship,ship,0.9999994039535522
dog,dog,0.9999984502792358
horse,horse,0.9999872446060181
ship,ship,0.9988044500350952
deer,deer,0.744412362575531
ship,ship,0.9994820952415466
cat,cat,0.8986990451812744
truck,truck,0.9999583959579468
truck,truck,0.9999969005584717
truck,truck,0.9827725291252136
ship,ship,0.9999994039535522
horse,horse,0.9969847798347473
frog,frog,0.9950335025787354
frog,frog,0.9998980760574341
cat,dog,0.9667255282402039
dog,cat,0.434314489364624
automobile,automobile,0.9999898672103882
dog,dog,0.8784626126289368
truck,truck,0.9999829530715942
automobile,automobile,1.0
deer,deer,0.9997183680534363
automobile,automobile,0.9999809265136719
dog,dog,0.9995017051696777
horse,dog,0.7544670104980469
airplane,airplane,0.9997571110725403
automobile,automobile,0.9807612895965576
dog,dog,0.8270339369773865
bird,bird,0.9999978542327881
airplane,airplane,0.993365466594696
ship,ship,0.9882574677467346
ship,ship,0.9999998807907104
dog,dog,0.5367037057876587
frog,frog,0.9999995231628418
horse,horse,0.996157705783844
cat,cat,0.9228659868240356
bird,bird,0.9111921191215515
deer,deer,0.8201687335968018
horse,horse,0.9998631477355957
bird,bird,0.9997666478157043
dog,dog,0.9993665814399719
ship,ship,0.9956694841384888
bird,bird,1.0
deer,deer,1.0
truck,truck,0.997918426990509
bird,bird,1.0
automobile,automobile,0.9998501539230347
ship,ship,0.9994775652885437
automobile,automobile,0.9953309893608093
truck,truck,0.9480759501457214
ship,ship,0.9992160797119141
ship,ship,0.9771489500999451
ship,ship,0.999998927116394
truck,automobile,0.9801672101020813
airplane,airplane,0.9999542236328125
deer,deer,0.9942924976348877
cat,cat,0.9982165694236755
cat,cat,0.9999500513076782
automobile,automobile,0.9937398433685303
ship,ship,1.0
deer,deer,0.6931642293930054
frog,frog,0.9999992847442627
cat,cat,0.999068558216095
cat,cat,0.999737560749054
dog,dog,0.9999299049377441
bird,frog,0.4927140772342682
bird,bird,0.9998127818107605
ship,ship,0.9988370537757874
cat,dog,0.8403154611587524
ship,ship,0.9999940395355225
truck,truck,0.999993085861206
dog,dog,0.911001443862915
ship,ship,0.9964428544044495
truck,truck,0.9997574687004089
ship,ship,0.9999961853027344
truck,truck,0.9999854564666748
automobile,automobile,0.9999327659606934
frog,frog,1.0
dog,dog,0.9970581531524658
truck,truck,0.9999994039535522
deer,deer,0.5522462129592896
deer,deer,0.9878789782524109
ship,ship,0.9975765347480774
airplane,airplane,0.9990528225898743
horse,horse,0.9855974316596985
bird,bird,0.951779305934906
truck,truck,0.9999997615814209
horse,horse,0.9911631345748901
deer,deer,0.9641727805137634
automobile,automobile,0.999998927116394
frog,frog,0.9994744658470154
deer,deer,0.9722977876663208
deer,deer,0.8864341378211975
truck,truck,0.9999852180480957
automobile,automobile,0.8085007071495056
bird,airplane,0.783367395401001
dog,dog,0.8633428812026978
frog,frog,0.9997084736824036
airplane,airplane,0.9863899350166321
ship,ship,0.9999992847442627
frog,frog,0.9912359714508057
automobile,automobile,0.9999992847442627
truck,truck,0.9999985694885254
deer,deer,0.9999808073043823
dog,dog,0.9999984502792358
truck,truck,1.0
dog,dog,0.8943697810173035
airplane,airplane,0.996729850769043
horse,horse,0.9998576641082764
bird,bird,0.4726404547691345
airplane,truck,0.9879233241081238
airplane,airplane,0.9706689119338989
deer,deer,0.9969936609268188
bird,deer,0.9072369933128357
frog,frog,0.9997062087059021
frog,frog,1.0
dog,dog,0.9401087164878845
dog,dog,0.9953007698059082
bird,bird,0.9447001814842224
ship,ship,0.9691702127456665
automobile,automobile,0.9941402077674866
horse,horse,0.999470055103302
cat,cat,0.997514009475708
automobile,automobile,0.9999984502792358
deer,deer,0.9987950325012207
dog,dog,0.9994569420814514
frog,frog,0.9999855756759644
dog,dog,0.599178671836853
automobile,automobile,0.9994231462478638
deer,deer,0.9998950958251953
horse,horse,0.9904389381408691
airplane,airplane,0.9999926090240479
truck,truck,0.999790608882904
deer,deer,0.9999208450317383
cat,cat,0.5230818390846252
ship,ship,1.0
bird,bird,0.9986758828163147
ship,ship,0.9999969005584717
deer,deer,0.9999963045120239
horse,horse,0.9971555471420288
bird,bird,0.9993786811828613
cat,cat,0.5529386401176453
automobile,automobile,0.9910275340080261
dog,cat,0.8038020730018616
bird,bird,0.9926484227180481
truck,truck,0.9999953508377075
ship,ship,0.9999517202377319
truck,truck,0.9994373917579651
horse,horse,0.999880313873291
truck,truck,0.9999983310699463
dog,dog,1.0
automobile,automobile,0.9998321533203125
deer,deer,0.9824044108390808
airplane,airplane,0.999993085861206
ship,ship,0.9999995231628418
bird,bird,1.0
cat,cat,0.8908092975616455
ship,ship,0.990308940410614
truck,truck,0.9999847412109375
automobile,automobile,0.9999984502792358
automobile,automobile,0.7693847417831421
cat,dog,0.6690232157707214
bird,airplane,0.9468568563461304
deer,deer,0.9993821382522583
truck,truck,0.9998832941055298
cat,cat,0.8286909461021423
automobile,automobile,0.9999908208847046
horse,horse,0.9992222785949707
deer,deer,0.8159615993499756
frog,frog,0.8853506445884705
bird,bird,0.9992533326148987
ship,ship,0.9994978904724121
truck,truck,0.9999463558197021
dog,cat,0.7535699605941772
cat,cat,1.0
truck,truck,1.0
dog,dog,0.995410144329071
dog,dog,0.9050648212432861
frog,frog,0.9998626708984375
horse,bird,0.5916216969490051
bird,bird,0.9998948574066162
deer,deer,0.6413257122039795
frog,dog,0.7983682155609131
cat,cat,0.9653517007827759
automobile,automobile,0.995826005935669
airplane,airplane,0.9999433755874634
horse,airplane,0.28745707869529724
bird,bird,0.6490607261657715
dog,dog,0.7034817934036255
deer,deer,0.9991212487220764
horse,horse,0.9996011853218079
frog,deer,0.6176962852478027
automobile,automobile,0.9999996423721313
automobile,automobile,0.9612986445426941
truck,truck,0.9999996423721313
ship,ship,0.9950279593467712
automobile,automobile,0.9999995231628418
airplane,airplane,0.9999868869781494
automobile,automobile,0.9999996423721313
cat,cat,0.9999493360519409
automobile,automobile,0.9998698234558105
automobile,automobile,0.9999470710754395
automobile,automobile,0.9997925162315369
horse,horse,0.9896489381790161
cat,cat,0.9001530408859253
truck,truck,0.9999772310256958
frog,frog,0.9966834187507629
ship,ship,1.0
deer,deer,0.8929338455200195
frog,frog,0.8962172865867615
ship,ship,0.8882031440734863
deer,deer,0.8435081839561462
truck,truck,0.9999810457229614
deer,deer,0.9999690055847168
horse,horse,0.9999290704727173
truck,truck,0.9997158646583557
horse,horse,0.9999716281890869
frog,frog,0.9936321377754211
ship,ship,0.9999076128005981
deer,deer,0.9938036203384399
truck,truck,1.0
horse,horse,0.762996256351471
airplane,airplane,0.8107602000236511
automobile,automobile,0.996664822101593
frog,frog,0.9999791383743286
automobile,automobile,0.9999724626541138
dog,dog,1.0
truck,automobile,0.854538083076477
airplane,airplane,0.8535559773445129
deer,deer,0.9972729086875916
cat,dog,0.921582818031311
deer,deer,0.477644681930542
automobile,automobile,0.9994896650314331
cat,cat,0.9995433688163757
airplane,airplane,0.9967442750930786
ship,ship,0.9999988079071045
deer,deer,0.997900128364563
frog,frog,0.9999998807907104
bird,bird,0.9986782670021057
bird,frog,0.8744956851005554
frog,frog,0.7752060294151306
dog,dog,0.9975647926330566
cat,cat,0.951361358165741
frog,frog,0.997300922870636
bird,bird,0.9472225904464722
automobile,automobile,0.9999895095825195
automobile,automobile,0.9997425675392151
ship,ship,0.9993430972099304
frog,frog,0.999994158744812
airplane,airplane,0.9323474764823914
deer,bird,0.6916468143463135
airplane,airplane,0.6683942675590515
automobile,automobile,0.998969554901123
truck,truck,0.9996805191040039
horse,horse,0.9981914162635803
automobile,automobile,0.999997615814209
cat,cat,0.9919970631599426
horse,horse,0.9458356499671936
horse,horse,0.6417705416679382
ship,ship,0.9448425769805908
horse,horse,0.9953277111053467
horse,horse,0.9999996423721313
cat,cat,0.38510194420814514
truck,truck,0.9999985694885254
horse,horse,0.999371349811554
horse,horse,0.9946092367172241
horse,horse,0.9922086000442505
bird,bird,0.32762274146080017
automobile,automobile,0.9993345141410828
bird,bird,0.9992881417274475
ship,ship,0.9998515844345093
frog,frog,1.0
deer,deer,0.9964531660079956
airplane,airplane,0.999879002571106
horse,horse,0.9995061159133911
truck,truck,0.7561918497085571
ship,ship,0.9998780488967896
frog,frog,0.9837738275527954
ship,ship,0.9999997615814209
deer,deer,0.5150505304336548
truck,truck,0.751758873462677
automobile,automobile,0.9999712705612183
horse,truck,0.9196040630340576
bird,airplane,0.9942153096199036
bird,frog,0.656112790107727
ship,ship,1.0
dog,dog,0.9624834060668945
ship,ship,0.9888441562652588
automobile,automobile,0.9950213432312012
bird,frog,0.6409304738044739
bird,bird,0.9999551773071289
deer,deer,0.9218225479125977
automobile,automobile,0.9997758269309998
bird,bird,0.9993957281112671
dog,horse,0.5659911632537842
bird,bird,0.9487231373786926
ship,ship,0.9952497482299805
automobile,automobile,0.9996720552444458
ship,ship,0.9999990463256836
automobile,automobile,0.9999996423721313
ship,ship,1.0
frog,deer,0.4997454881668091
airplane,airplane,0.8758013248443604
bird,bird,0.7033123970031738
deer,deer,0.9998331069946289
automobile,automobile,0.9999998807907104
cat,cat,0.997974693775177
frog,frog,0.9999967813491821
horse,horse,0.99997878074646
horse,horse,0.9894401431083679
deer,deer,0.999993085861206
deer,deer,0.9999947547912598
cat,cat,0.9729529023170471
cat,cat,0.9733091592788696
deer,deer,0.9849168658256531
dog,dog,0.7031481862068176
bird,bird,0.9999866485595703
deer,horse,0.7430084347724915
cat,cat,0.5900164842605591
horse,horse,0.9994933605194092
ship,ship,0.9999994039535522
deer,deer,0.9993019104003906
deer,deer,0.9999911785125732
deer,deer,0.9824476838111877
dog,cat,0.9264956116676331
deer,deer,0.9999188184738159
cat,cat,0.7252302765846252
bird,bird,0.9999814033508301
ship,ship,0.9999997615814209
deer,deer,0.9996682405471802
dog,dog,0.9998815059661865
dog,dog,0.9999762773513794
deer,deer,0.9969430565834045
automobile,automobile,0.6362200379371643
deer,deer,0.986203670501709
bird,airplane,0.9968053102493286
dog,dog,0.7653642892837524
automobile,automobile,0.8151988983154297
frog,frog,0.9999935626983643
deer,deer,0.9532787203788757
cat,dog,0.5586149096488953
deer,deer,0.9781374931335449
deer,deer,0.9991874098777771
airplane,airplane,0.9997017979621887
ship,ship,0.9824379086494446
ship,ship,0.999984860420227
deer,deer,0.8930251598358154
dog,dog,0.9789365530014038
horse,horse,0.9996805191040039
dog,dog,0.9867413640022278
frog,frog,0.9994062185287476
truck,truck,0.9999948740005493
automobile,automobile,0.9999138116836548
frog,frog,0.9043968319892883
horse,horse,0.9772933125495911
bird,bird,0.9803929924964905
airplane,airplane,0.8601882457733154
automobile,automobile,0.9998326301574707
deer,deer,0.999953031539917
dog,dog,0.9987001419067383
frog,frog,0.983138918876648
airplane,airplane,0.9996298551559448
airplane,airplane,0.9973698854446411
bird,bird,0.9999991655349731
horse,horse,0.9762364029884338
dog,cat,0.7986725568771362
frog,frog,0.9999372959136963
airplane,airplane,0.9868338704109192
frog,frog,0.7065654397010803
bird,bird,0.9763476252555847
truck,truck,0.9999998807907104
automobile,automobile,0.9987063407897949
horse,horse,0.9999715089797974
horse,horse,0.9999994039535522
dog,dog,0.9992390871047974
bird,bird,0.7373780608177185
dog,dog,0.9998781681060791
frog,frog,0.9703907370567322
deer,deer,0.9981659054756165
automobile,automobile,0.9989858269691467
deer,deer,0.9999213218688965
cat,cat,0.931291401386261
cat,cat,0.986315131187439
cat,cat,0.9953315854072571
airplane,airplane,0.9999260902404785
cat,cat,0.9999023675918579
dog,dog,0.9999958276748657
dog,dog,1.0
ship,ship,0.9475309252738953
truck,truck,0.9999611377716064
horse,horse,0.9999918937683105
cat,cat,0.9936635494232178
automobile,automobile,0.9865565896034241
cat,bird,0.5385181307792664
cat,cat,0.9965043067932129
cat,cat,0.5511236190795898
deer,deer,0.9900423288345337
deer,deer,0.9992328882217407
bird,bird,0.6868639588356018
cat,cat,0.999725878238678
cat,cat,0.9833993911743164
ship,ship,0.9999394416809082
automobile,automobile,0.999920129776001
horse,horse,0.9999819993972778
horse,horse,0.9999771118164062
airplane,airplane,0.9999898672103882
horse,horse,0.9318988919258118
deer,deer,0.9992087483406067
dog,dog,0.9408702254295349
automobile,automobile,0.9998020529747009
deer,deer,0.8365985751152039
bird,deer,0.5686179399490356
deer,deer,0.9913743138313293
cat,cat,0.9940643906593323
truck,airplane,0.8491591215133667
truck,truck,0.9999985694885254
deer,deer,0.9996154308319092
truck,truck,0.999990701675415
truck,truck,0.9999991655349731
automobile,automobile,0.9996071457862854
ship,ship,0.9965500831604004
automobile,automobile,0.9996175765991211
frog,frog,0.9999964237213135
horse,horse,0.9999656677246094
dog,dog,0.7418222427368164
dog,dog,0.9878491759300232
deer,deer,0.9399747252464294
truck,truck,0.9999576807022095
horse,horse,0.659290611743927
frog,frog,0.999993085861206
dog,dog,0.997169554233551
truck,truck,0.9999678134918213
bird,bird,0.4437589943408966
deer,deer,0.9998544454574585
airplane,airplane,0.9979010820388794
horse,horse,0.9557656645774841
ship,ship,0.9990401864051819
dog,dog,0.989407479763031
dog,dog,0.9999110698699951
airplane,airplane,0.998304009437561
airplane,airplane,0.999953031539917
truck,truck,0.9999980926513672
truck,truck,0.9999874830245972
ship,ship,1.0
bird,bird,0.984955370426178
dog,dog,0.999982476234436
deer,deer,0.9830238223075867
ship,ship,1.0
cat,cat,0.9995915293693542
frog,frog,0.9998227953910828
cat,cat,0.9875537157058716
frog,frog,0.9987484216690063
airplane,airplane,0.9999138116836548
frog,frog,0.9999998807907104
frog,frog,0.9820937514305115
frog,frog,0.9848151206970215
truck,truck,0.9955054521560669
frog,frog,0.9133188724517822
frog,frog,0.9959040284156799
ship,ship,0.9999991655349731
frog,frog,0.9999988079071045
bird,frog,0.6935317516326904
deer,deer,0.9392649531364441
dog,dog,0.9990665316581726
ship,ship,0.9947227239608765
automobile,automobile,0.9999858140945435
bird,bird,1.0
horse,horse,0.9999867677688599
frog,frog,0.9990479350090027
dog,dog,0.8406601548194885
horse,horse,0.9998663663864136
ship,ship,0.7659265398979187
automobile,automobile,0.8702592253684998
ship,bird,0.9969786405563354
airplane,airplane,0.9983964562416077
ship,ship,0.8103704452514648
frog,frog,0.9999945163726807
truck,truck,0.9998132586479187
bird,bird,0.9987381100654602
ship,ship,0.9999998807907104
truck,truck,0.9999712705612183
deer,ship,0.6761744022369385
airplane,airplane,0.9999979734420776
truck,truck,0.9999839067459106
deer,deer,0.9926775693893433
truck,truck,0.999995231628418
dog,dog,0.7986328601837158
horse,horse,0.9986944794654846
dog,dog,0.9996753931045532
dog,dog,0.9999995231628418
truck,truck,0.999556839466095
dog,dog,0.7512699961662292
cat,cat,0.9686450958251953
airplane,airplane,0.999998927116394
automobile,automobile,0.9998383522033691
truck,truck,1.0
horse,horse,0.9983861446380615
bird,bird,0.9284079670906067
deer,deer,0.9705296158790588
automobile,automobile,0.9999998807907104
airplane,airplane,0.9964654445648193
ship,ship,0.9932286143302917
airplane,airplane,0.8382911682128906
cat,cat,0.4381968379020691
automobile,automobile,0.9999998807907104
horse,horse,0.9999090433120728
airplane,ship,0.942121148109436
airplane,airplane,0.9997380375862122
deer,deer,0.9629926681518555
ship,ship,0.9983723759651184
frog,frog,0.7105664610862732
bird,bird,0.6108826994895935
deer,deer,0.9567516446113586
airplane,airplane,0.9994994401931763
airplane,airplane,0.999595582485199
truck,truck,0.9898465275764465
airplane,airplane,0.9961825013160706
ship,ship,1.0
deer,deer,0.9960032105445862
dog,cat,0.8908904194831848
truck,automobile,0.8954037427902222
cat,cat,0.9999904632568359
truck,truck,0.9419731497764587
airplane,airplane,0.9982830286026001
dog,dog,0.999737560749054
frog,frog,0.9809157252311707
dog,dog,0.9571599364280701
airplane,truck,0.8277958035469055
automobile,automobile,0.9996260404586792
deer,deer,0.9973303079605103
ship,ship,1.0
automobile,automobile,0.9999966621398926
airplane,airplane,0.9999998807907104
dog,dog,0.9964242577552795
bird,deer,0.9517140984535217
automobile,automobile,0.5686964988708496
airplane,airplane,0.9993162155151367
bird,bird,0.997734785079956
ship,ship,0.9998738765716553
automobile,automobile,0.9982225298881531
dog,dog,0.9999847412109375
frog,frog,0.9951497912406921
horse,horse,0.9998805522918701
horse,horse,0.9954641461372375
bird,bird,0.7437258958816528
frog,frog,0.9968884587287903
bird,bird,0.9972094893455505
dog,dog,0.8754053711891174
airplane,airplane,0.9568928480148315
automobile,automobile,0.9999346733093262
deer,deer,0.9996376037597656
bird,bird,0.9966263771057129
dog,dog,0.9956360459327698
deer,deer,0.6248499155044556
frog,frog,0.9916513562202454
bird,bird,0.7778613567352295
bird,bird,0.6372754573822021
automobile,automobile,0.9999939203262329
horse,horse,0.780394434928894
bird,bird,0.999017596244812
ship,airplane,0.8652235269546509
dog,dog,0.995477020740509
dog,dog,1.0
cat,cat,0.9999997615814209
airplane,airplane,0.9999233484268188
deer,deer,0.9922616481781006
ship,ship,0.9999340772628784
cat,dog,0.8684444427490234
horse,horse,0.999921441078186
frog,frog,0.9999597072601318
cat,cat,0.938086748123169
ship,airplane,0.766208291053772
automobile,automobile,0.9993597865104675
airplane,airplane,0.9999401569366455
automobile,automobile,0.9986646175384521
cat,cat,0.41098812222480774
cat,dog,0.5510684251785278
airplane,airplane,0.9979815483093262
horse,horse,0.6466744542121887
deer,deer,0.845514178276062
truck,truck,1.0
dog,dog,0.9991796612739563
cat,cat,0.7668764591217041
frog,frog,0.9996739625930786
airplane,airplane,0.9977203011512756
automobile,automobile,0.9999979734420776
deer,deer,0.9901124835014343
deer,deer,0.9998964071273804
deer,deer,0.9997636675834656
deer,deer,0.999945878982544
bird,bird,0.9577124118804932
bird,bird,0.9994350075721741
dog,dog,0.9249895215034485
ship,ship,0.9837407469749451
automobile,automobile,0.9794338345527649
dog,dog,0.905833899974823
truck,truck,1.0
ship,ship,0.9999998807907104
automobile,automobile,0.9999984502792358
automobile,automobile,0.999996542930603
dog,dog,0.5515578985214233
cat,cat,0.9274474382400513
truck,truck,0.9551456570625305
truck,truck,0.9999980926513672
horse,horse,0.816224217414856
frog,frog,0.7769402861595154
dog,dog,0.9893965125083923
airplane,airplane,0.9999878406524658
ship,ship,0.999985933303833
deer,deer,0.9867699146270752
horse,dog,0.7242806553840637
airplane,truck,0.7196386456489563
truck,truck,1.0
bird,bird,1.0
ship,ship,1.0
deer,deer,0.9974021911621094
horse,horse,0.9948331117630005
automobile,automobile,0.9999712705612183
cat,dog,0.7736374139785767
truck,truck,0.9978010058403015
frog,frog,0.9888297915458679
ship,ship,1.0
truck,truck,0.9999912977218628
airplane,deer,0.6495547294616699
deer,deer,0.9999133348464966
truck,truck,0.9481108784675598
frog,frog,0.9129435420036316
horse,horse,0.9999996423721313
ship,ship,0.9999964237213135
truck,truck,0.9849573373794556
deer,deer,0.9994749426841736
ship,ship,1.0
truck,truck,1.0
horse,horse,0.9957249164581299
bird,bird,0.9992105960845947
dog,dog,0.999455988407135
cat,cat,0.9999731779098511
horse,horse,0.9999423027038574
automobile,automobile,0.5445850491523743
airplane,airplane,0.990879237651825
bird,bird,0.9998216032981873
truck,truck,0.9999967813491821
dog,dog,0.9998249411582947
dog,dog,0.9344093799591064
ship,ship,0.9998601675033569
dog,dog,0.9999985694885254
deer,deer,0.8989067077636719
bird,bird,0.9998980760574341
ship,airplane,0.6930949687957764
cat,cat,0.9835518002510071
dog,dog,0.6867163181304932
dog,dog,0.9834176898002625
horse,horse,0.9999819993972778
horse,horse,0.9996411800384521
ship,ship,1.0
frog,frog,0.8589232563972473
bird,bird,0.9529063701629639
ship,ship,0.8970706462860107
bird,bird,0.9999101161956787
cat,cat,0.9699810147285461
dog,dog,0.9999991655349731
frog,frog,0.8683394193649292
ship,ship,1.0
airplane,airplane,0.9998469352722168
bird,bird,0.9977752566337585
cat,cat,0.9997822642326355
horse,horse,0.9982625842094421
airplane,airplane,0.9996918439865112
automobile,automobile,0.9999997615814209
truck,truck,0.9997971653938293
automobile,automobile,0.9999986886978149
cat,cat,0.9793492555618286
horse,dog,0.9919396042823792
dog,dog,0.902730405330658
ship,ship,0.7309880256652832
cat,bird,0.7220775485038757
bird,bird,0.9999929666519165
truck,truck,0.999992847442627
frog,frog,0.9999997615814209
ship,ship,1.0
frog,frog,0.8690166473388672
truck,truck,0.9999994039535522
cat,cat,0.999998927116394
ship,airplane,0.4758167266845703
truck,truck,0.9999955892562866
ship,airplane,0.9191713929176331
airplane,airplane,0.9815087914466858
horse,horse,0.9998877048492432
ship,ship,1.0
dog,dog,0.9997066855430603
airplane,airplane,0.9998866319656372
airplane,airplane,0.9970250725746155
automobile,automobile,0.9999837875366211
cat,cat,0.8435947299003601
truck,truck,0.6988549828529358
automobile,automobile,0.9999980926513672
dog,dog,0.6942204236984253
cat,cat,0.9320135116577148
deer,deer,0.9995443224906921
deer,deer,0.9942561984062195
airplane,airplane,0.9936095476150513
truck,truck,0.7967513799667358
truck,truck,0.9999979734420776
truck,truck,1.0
truck,truck,0.9994186162948608
ship,ship,0.9999959468841553
bird,bird,0.999972939491272
deer,deer,0.9999935626983643
bird,bird,0.999985933303833
bird,bird,0.9704434275627136
dog,dog,0.9999955892562866
automobile,automobile,0.9999165534973145
truck,airplane,0.9791011810302734
automobile,automobile,0.9998471736907959
airplane,airplane,0.9895646572113037
truck,truck,0.9457021355628967
deer,deer,0.9449251294136047
bird,bird,0.9993981122970581
automobile,automobile,0.9673786163330078
frog,frog,0.9995243549346924
airplane,airplane,0.9685940146446228
cat,cat,0.9828563332557678
horse,airplane,0.6366946697235107
frog,bird,0.8340959548950195
cat,dog,0.6038413643836975
automobile,truck,0.9999536275863647
ship,ship,0.7201015949249268
frog,bird,0.48184293508529663
dog,dog,0.9210240840911865
horse,horse,0.9883562922477722
bird,bird,0.9999972581863403
ship,ship,0.9999392032623291
deer,deer,0.6096404790878296
deer,deer,0.7744994163513184
ship,ship,0.9999995231628418
cat,cat,0.6787598729133606
dog,dog,0.9999865293502808
airplane,airplane,0.9989834427833557
dog,dog,0.9948252439498901
horse,horse,0.9995835423469543
deer,deer,0.999994158744812
deer,deer,0.763185977935791
bird,bird,0.9168040752410889
bird,bird,0.9999936819076538
horse,horse,0.9998781681060791
cat,ship,0.7135939598083496
frog,frog,0.9855861067771912
airplane,airplane,0.9993835687637329
bird,bird,0.9999786615371704
horse,horse,0.9716753959655762
frog,frog,0.9998506307601929
bird,bird,0.999957799911499
cat,cat,0.9838117957115173
airplane,airplane,0.9960839748382568
horse,horse,0.9999949932098389
horse,horse,0.9935018420219421
ship,ship,0.9999903440475464
automobile,truck,0.8984308242797852
automobile,automobile,0.9997305274009705
deer,deer,0.8370334506034851
frog,frog,0.9949996471405029
airplane,airplane,0.999900221824646
frog,frog,0.9999775886535645
frog,frog,0.9881193041801453
dog,dog,0.9848713278770447
dog,dog,0.9995735287666321
frog,frog,0.9999903440475464
cat,cat,0.9964280724525452
truck,truck,0.9999603033065796
cat,cat,0.5557375550270081
frog,frog,0.999963641166687
ship,bird,0.8057507276535034
horse,horse,0.9968133568763733
frog,frog,0.9991320967674255
deer,deer,0.8349191546440125
truck,truck,0.9999998807907104
dog,dog,0.9982256293296814
frog,frog,0.982395350933075
deer,deer,0.9618764519691467
automobile,automobile,0.9999878406524658
frog,frog,0.9999996423721313
cat,cat,0.914872944355011
ship,ship,0.9744493961334229
bird,bird,0.9999964237213135
cat,cat,0.6014301180839539
truck,truck,0.9999914169311523
ship,bird,0.6607720255851746
dog,dog,0.9999996423721313
automobile,automobile,0.9904409646987915
dog,dog,0.900110125541687
deer,deer,0.9391360282897949
dog,cat,0.5856744050979614
horse,horse,0.99989914894104
dog,cat,0.925807535648346
horse,horse,0.9976254105567932
ship,ship,0.9988455772399902
truck,truck,0.9994856119155884
automobile,automobile,0.999980092048645
horse,frog,0.9811968207359314
bird,bird,0.9904392957687378
dog,dog,0.9995232820510864
frog,frog,0.9995569586753845
ship,ship,0.9999895095825195
deer,deer,0.9989205598831177
frog,frog,0.9981523156166077
dog,dog,0.9999046325683594
cat,cat,0.8085607886314392
truck,truck,0.998055100440979
truck,truck,0.9999997615814209
ship,ship,0.8977832198143005
dog,dog,0.9935247898101807
dog,cat,0.5597711801528931
frog,frog,0.9998063445091248
deer,deer,0.99970942735672
dog,dog,0.9733895659446716
truck,truck,0.9999868869781494
horse,horse,0.9999175071716309
cat,cat,0.9487932920455933
deer,deer,0.9993755221366882
automobile,automobile,0.9986078143119812
deer,deer,0.5184553861618042
bird,deer,0.881070613861084
cat,deer,0.5231342315673828
frog,frog,0.9997400641441345
dog,dog,0.9823672771453857
dog,dog,0.9962449669837952
bird,bird,0.998590886592865
ship,ship,0.999894380569458
airplane,airplane,0.9994165897369385
airplane,airplane,0.9830544590950012
automobile,automobile,0.9984949827194214
ship,ship,0.5526166558265686
cat,cat,0.9990718364715576
automobile,automobile,0.9999525547027588
cat,dog,0.8910048007965088
dog,dog,0.9998966455459595
ship,ship,1.0
cat,cat,0.9265667200088501
ship,ship,0.9999997615814209
dog,dog,0.9235602021217346
ship,ship,1.0
frog,frog,0.999976634979248
cat,cat,0.9699056148529053
dog,dog,0.9999063014984131
dog,dog,0.999196469783783
dog,dog,0.9990872144699097
airplane,airplane,0.7874112725257874
truck,truck,0.8328425288200378
dog,cat,0.5392081141471863
dog,cat,0.5666322708129883
horse,horse,0.9949195981025696
automobile,automobile,0.9985166192054749
ship,ship,0.9999998807907104
bird,bird,0.799024760723114
bird,horse,0.7390967011451721
horse,horse,0.5757954716682434
cat,cat,0.9660937190055847
deer,deer,0.9969894289970398
bird,bird,0.9979158043861389
truck,truck,0.9999992847442627
frog,frog,1.0
bird,bird,0.9999806880950928
bird,bird,1.0
deer,deer,0.9995744824409485
cat,cat,0.9993717074394226
airplane,airplane,0.9960464835166931
bird,cat,0.2940603196620941
airplane,airplane,0.999962568283081
automobile,automobile,0.990420401096344
cat,cat,0.9962021708488464
bird,bird,0.9999954700469971
bird,frog,0.6962233185768127
horse,horse,0.9999964237213135
airplane,bird,0.9621544480323792
automobile,automobile,0.9996267557144165
airplane,airplane,0.9801219701766968
horse,horse,0.8234776854515076
horse,horse,0.9998224377632141
bird,bird,0.8951425552368164
airplane,bird,0.37440046668052673
automobile,automobile,0.9992678761482239
frog,frog,0.9981638789176941
dog,dog,0.999528169631958
airplane,airplane,0.9999701976776123
bird,bird,0.9879224896430969
bird,bird,0.9999462366104126
airplane,airplane,0.9978107810020447
automobile,automobile,0.999656081199646
bird,bird,0.9999984502792358
frog,frog,0.9721525311470032
airplane,airplane,0.9999301433563232
automobile,automobile,0.9997072815895081
frog,frog,1.0
frog,frog,0.9990320205688477
dog,dog,0.9966236352920532
cat,cat,0.9999910593032837
deer,frog,0.2723052501678467
airplane,airplane,0.9996393918991089
airplane,airplane,0.9999966621398926
truck,automobile,0.5424631834030151
automobile,automobile,0.9999817609786987
airplane,airplane,1.0
bird,bird,0.9755204916000366
dog,dog,0.9999853372573853
truck,truck,0.9999312162399292
horse,horse,0.9971457123756409
ship,ship,0.9998321533203125
frog,frog,0.9999889135360718
deer,deer,0.8927066326141357
frog,frog,0.9504392147064209
airplane,airplane,0.9999274015426636
bird,bird,0.9999133348464966
airplane,airplane,0.9990893602371216
automobile,airplane,0.987548828125
truck,truck,0.999640703201294
bird,bird,0.7442973256111145
deer,frog,0.8028595447540283
truck,truck,0.8487240672111511
airplane,airplane,0.9892314076423645
horse,horse,0.9553198218345642
bird,bird,0.9999685287475586
cat,cat,0.8877254724502563
deer,deer,0.9989103078842163
ship,ship,1.0
airplane,airplane,0.9359985589981079
bird,bird,0.998925507068634
frog,frog,0.9999910593032837
ship,ship,0.9999978542327881
truck,truck,0.9999905824661255
horse,dog,0.5489213466644287
automobile,automobile,0.9798387289047241
truck,truck,0.9996237754821777
cat,cat,0.9998719692230225
horse,deer,0.828905463218689
bird,bird,0.9999934434890747
horse,horse,0.9996490478515625
truck,truck,0.9999734163284302
frog,frog,0.9999905824661255
truck,truck,1.0
dog,cat,0.5981372594833374
horse,horse,0.9973490238189697
ship,ship,0.9995773434638977
dog,dog,0.6122395992279053
truck,truck,0.9978499412536621
ship,ship,1.0
cat,cat,0.9637438654899597
truck,truck,0.9999997615814209
ship,truck,0.8251428604125977
airplane,airplane,0.9967824220657349
dog,airplane,0.486756294965744
dog,dog,0.6967790126800537
horse,horse,0.8450291156768799
automobile,automobile,0.999527096748352
bird,horse,0.6158563494682312
airplane,airplane,0.9995973706245422
horse,horse,0.959293782711029
dog,dog,0.9997230172157288
ship,ship,0.9999922513961792
bird,bird,0.9999709129333496
bird,bird,0.9918608069419861
dog,dog,0.5700079798698425
cat,cat,0.9943802952766418
truck,truck,0.9206501841545105
cat,dog,0.5889175534248352
automobile,automobile,0.9722742438316345
truck,truck,0.9999881982803345
cat,cat,0.9923725128173828
automobile,automobile,0.9998494386672974
deer,deer,0.9979883432388306
cat,cat,0.9302369356155396
deer,deer,0.999919056892395
deer,deer,0.9999997615814209
truck,truck,1.0
airplane,airplane,0.9946261048316956
truck,automobile,0.7577151656150818
dog,cat,0.7690083384513855
truck,truck,1.0
bird,bird,0.9999988079071045
truck,truck,0.9997792840003967
deer,deer,0.866435170173645
airplane,airplane,0.995560884475708
bird,bird,0.9999949932098389
ship,ship,1.0
deer,deer,0.9999707937240601
ship,ship,1.0
frog,frog,0.9999839067459106
ship,ship,0.999068558216095
bird,bird,0.970352053642273
airplane,airplane,0.9764891266822815
dog,dog,0.9839411377906799
truck,truck,0.9999997615814209
frog,frog,1.0
truck,truck,0.9999982118606567
dog,cat,0.952369213104248
automobile,truck,0.5232273936271667
cat,cat,0.9068437218666077
deer,deer,0.9997676014900208
deer,deer,0.9996618032455444
bird,bird,0.7011885046958923
horse,horse,0.9899094104766846
bird,frog,0.941743791103363
deer,deer,0.9014846086502075
deer,deer,0.9900621175765991
airplane,airplane,0.9999966621398926
bird,bird,0.6589037179946899
ship,ship,0.999991774559021
deer,deer,0.9995680451393127
dog,dog,0.9814876317977905
automobile,automobile,0.9999969005584717
bird,bird,1.0
frog,frog,0.9957591891288757
ship,ship,0.9999972581863403
automobile,truck,0.9438387751579285
horse,horse,0.9999970197677612
bird,frog,0.979952871799469
ship,ship,0.9999985694885254
horse,horse,0.9907991290092468
deer,deer,0.985732913017273
cat,cat,0.9789533019065857
cat,cat,0.545598030090332
airplane,cat,0.837870717048645
cat,bird,0.4529179334640503
horse,horse,0.9997952580451965
bird,bird,0.9999996423721313
dog,dog,0.9894382357597351
frog,frog,0.9931666254997253
automobile,automobile,0.9999901056289673
horse,horse,0.999049961566925
truck,truck,0.9220468401908875
airplane,airplane,0.9951011538505554
bird,cat,0.9598933458328247
cat,cat,0.9992730021476746
truck,truck,0.9963535070419312
ship,ship,0.9999998807907104
truck,truck,0.9429148435592651
dog,dog,0.9996116757392883
airplane,airplane,0.9999593496322632
airplane,airplane,0.9997681975364685
horse,horse,0.9969327449798584
frog,frog,0.5997386574745178
cat,cat,0.9996950626373291
cat,dog,0.6828834414482117
ship,ship,0.9999908208847046
automobile,automobile,0.9999338388442993
deer,deer,0.9976062774658203
airplane,airplane,0.9999899864196777
automobile,automobile,0.9999698400497437
dog,dog,0.8914301991462708
deer,deer,0.994325578212738
cat,cat,0.9993815422058105
bird,deer,0.9654632806777954
frog,frog,0.999994158744812
airplane,airplane,0.8224357962608337
ship,ship,0.9999960660934448
ship,ship,0.9999943971633911
frog,frog,0.9759884476661682
cat,cat,0.9999618530273438
cat,cat,0.893073320388794
bird,deer,0.6243117451667786
truck,ship,0.578643262386322
horse,horse,0.9984298348426819
dog,dog,0.971009373664856
automobile,automobile,0.9999983310699463
frog,frog,0.9996455907821655
airplane,airplane,0.9905597567558289
dog,dog,0.9990636706352234
truck,truck,0.9999995231628418
truck,truck,0.9999991655349731
deer,deer,0.9999866485595703
dog,dog,0.9998399019241333
truck,truck,0.9989299178123474
deer,deer,0.9968140721321106
ship,ship,0.9998144507408142
cat,horse,0.6286018490791321
cat,cat,0.9999526739120483
bird,bird,0.9999316930770874
dog,dog,0.9999661445617676
automobile,automobile,0.9999614953994751
truck,truck,1.0
dog,dog,0.9999867677688599
dog,dog,0.544297993183136
ship,automobile,0.9686166048049927
automobile,automobile,0.9139482975006104
ship,ship,0.9999997615814209
truck,truck,0.999993085861206
horse,horse,0.9997474551200867
airplane,airplane,0.7855010628700256
frog,frog,0.7629451155662537
cat,ship,0.9719488620758057
bird,bird,0.9552688002586365
airplane,airplane,0.9999967813491821
bird,bird,1.0
frog,frog,0.9999978542327881
truck,truck,0.9996024966239929
cat,cat,0.9894444346427917
truck,truck,0.9999983310699463
automobile,automobile,0.9999996423721313
frog,bird,0.48237165808677673
frog,frog,0.9989547729492188
horse,horse,0.9597948789596558
bird,bird,0.9918485879898071
frog,frog,0.9912927746772766
cat,airplane,0.8486427068710327
bird,bird,0.9999985694885254
dog,dog,0.99959796667099
dog,dog,0.9972317814826965
bird,bird,0.9999849796295166
horse,horse,0.9999067783355713
dog,cat,0.8023483157157898
bird,bird,0.9509180188179016
airplane,airplane,0.8084197044372559
ship,ship,0.999998927116394
airplane,cat,0.6521965861320496
horse,horse,0.8566185832023621
horse,horse,0.9997745156288147
automobile,automobile,0.9948378205299377
horse,horse,0.9793485403060913
deer,deer,0.9997305274009705
airplane,airplane,0.9797537922859192
bird,bird,0.9305706024169922
bird,bird,0.9999822378158569
frog,frog,1.0
automobile,automobile,0.9999749660491943
dog,dog,0.9993013143539429
truck,truck,0.9999992847442627
horse,horse,0.9677577018737793
frog,frog,0.9963232278823853
bird,bird,0.9999134540557861
horse,horse,0.9999959468841553
airplane,airplane,0.9999754428863525
dog,dog,0.9997730851173401
frog,frog,0.8769760131835938
airplane,airplane,0.9999046325683594
automobile,automobile,0.9834651947021484
automobile,automobile,0.9890873432159424
ship,ship,0.999883770942688
deer,deer,0.9997956156730652
dog,dog,0.9910362958908081
cat,airplane,0.7359254956245422
automobile,automobile,0.7629477381706238
bird,bird,0.770508885383606
deer,deer,0.9987670183181763
ship,ship,0.8768132925033569
truck,truck,0.9966421127319336
ship,ship,1.0
automobile,automobile,0.999589741230011
horse,horse,0.9987609386444092
bird,bird,0.9342753291130066
horse,horse,0.9991508722305298
bird,bird,0.9442466497421265
cat,cat,0.9080284237861633
bird,bird,0.9990548491477966
frog,frog,0.9999959468841553
horse,horse,0.9999982118606567
truck,truck,0.999118983745575
deer,deer,0.9988290667533875
airplane,airplane,0.9999687671661377
automobile,automobile,0.999997615814209
airplane,airplane,0.9994584918022156
deer,deer,0.9999998807907104
dog,cat,0.8889862895011902
airplane,airplane,0.9999703168869019
ship,ship,0.9897985458374023
airplane,airplane,0.7613700032234192
horse,horse,0.9989497065544128
frog,frog,0.9943450689315796
automobile,automobile,0.995064914226532
airplane,ship,0.7306976318359375
ship,ship,0.9998782873153687
dog,dog,0.999964714050293
truck,truck,0.9999943971633911
bird,bird,0.9973873496055603
dog,dog,0.9993116855621338
deer,deer,0.9883803129196167
deer,deer,0.8050962090492249
truck,truck,0.9994922876358032
airplane,airplane,0.999924898147583
frog,frog,0.9999998807907104
automobile,automobile,0.9914143681526184
bird,bird,0.978598415851593
dog,dog,0.9997838139533997
automobile,automobile,0.9979605674743652
frog,frog,0.9960032105445862
horse,horse,0.9982430934906006
automobile,automobile,0.9992402791976929
dog,dog,0.9996887445449829
ship,ship,0.9242686033248901
ship,ship,0.9999164342880249
airplane,airplane,0.9978012442588806
cat,bird,0.7841582298278809
truck,truck,1.0
deer,deer,0.9653534889221191
airplane,airplane,0.9044276475906372
cat,frog,0.999994158744812
deer,deer,0.9991255402565002
truck,truck,0.9999997615814209
bird,bird,0.8665120005607605
deer,deer,0.9996082186698914
cat,cat,0.999984622001648
airplane,airplane,0.9999904632568359
frog,frog,0.9999328851699829
deer,frog,0.9297453761100769
dog,dog,0.9995682835578918
frog,dog,0.7938863635063171
frog,frog,0.9938265681266785
horse,horse,0.9790776371955872
ship,ship,0.9999083280563354
deer,deer,0.9926071166992188
ship,ship,0.911072313785553
ship,ship,0.9953691363334656
cat,cat,0.992224931716919
bird,bird,0.6080012321472168
ship,ship,0.9399320483207703
airplane,truck,0.828957736492157
bird,airplane,0.7138433456420898
dog,dog,0.9904200434684753
frog,frog,0.9990384578704834
ship,ship,0.9915071129798889
horse,horse,0.9136236310005188
ship,ship,0.9999802112579346
truck,truck,0.9998505115509033
truck,truck,0.9999042749404907
airplane,airplane,0.9790523648262024
frog,frog,0.9844751954078674
frog,frog,0.9910956621170044
ship,ship,0.9999963045120239
automobile,automobile,0.9889623522758484
automobile,automobile,0.9974855184555054
horse,horse,0.9821276664733887
deer,deer,0.9929025769233704
deer,cat,0.501646101474762
bird,bird,0.580396294593811
cat,cat,0.6426927447319031
frog,frog,0.9999998807907104
truck,truck,0.9999570846557617
frog,frog,0.7770962715148926
bird,bird,0.9999997615814209
deer,deer,0.9305416941642761
automobile,automobile,1.0
ship,ship,0.9999022483825684
bird,bird,0.6500011086463928
cat,cat,0.7065364122390747
automobile,automobile,0.9921241402626038
frog,cat,0.6969566941261292
ship,ship,0.9975837469100952
frog,frog,0.9999572038650513
ship,ship,0.9999514818191528
dog,dog,0.7903778553009033
truck,truck,0.999765932559967
airplane,airplane,0.9971500039100647
automobile,automobile,0.9999809265136719
airplane,airplane,0.9181665182113647
bird,bird,0.889561653137207
truck,truck,0.9995524287223816
bird,bird,0.8926152586936951
truck,truck,0.9999995231628418
airplane,airplane,0.9969287514686584
truck,truck,0.9999997615814209
horse,horse,1.0
ship,ship,0.9999902248382568
dog,dog,0.9392350912094116
airplane,ship,0.9995635151863098
frog,frog,0.9999926090240479
frog,frog,0.9999366998672485
ship,ship,0.9999971389770508
automobile,automobile,0.999975323677063
frog,frog,0.999984860420227
dog,dog,0.9997778534889221
ship,ship,0.9999988079071045
horse,horse,0.9525659084320068
truck,truck,0.9941233992576599
bird,bird,0.9962764382362366
automobile,automobile,1.0
frog,frog,0.9999934434890747
horse,horse,0.9936273097991943
dog,dog,0.9947235584259033
frog,frog,0.9999995231628418
cat,cat,0.9842262864112854
airplane,airplane,0.6097801923751831
truck,truck,0.999858021736145
ship,ship,0.9999998807907104
truck,truck,0.9594387412071228
dog,deer,0.8134030103683472
truck,ship,0.9809602499008179
truck,truck,0.8250689506530762
truck,truck,0.9926561117172241
cat,cat,0.9999713897705078
frog,frog,0.9997283816337585
deer,deer,0.9815257787704468
deer,deer,0.9931837916374207
ship,ship,0.9995778203010559
ship,ship,0.9999997615814209
automobile,automobile,0.9991245865821838
horse,horse,0.999947190284729
cat,cat,0.962225079536438
airplane,airplane,0.9520813822746277
frog,deer,0.9583526253700256
bird,bird,0.9983457326889038
deer,deer,0.9953067898750305
ship,automobile,0.9635047912597656
bird,bird,0.9999991655349731
bird,bird,0.999990701675415
truck,truck,0.9992751479148865
bird,bird,0.9981502294540405
bird,bird,0.9997480511665344
truck,truck,0.9999902248382568
horse,horse,0.9999114274978638
deer,deer,0.8609129786491394
automobile,automobile,0.9987473487854004
truck,truck,0.9999798536300659
automobile,automobile,0.999992847442627
deer,deer,0.502511203289032
cat,cat,0.689079225063324
dog,bird,0.409671813249588
cat,bird,0.9357475638389587
ship,ship,0.9999727010726929
truck,truck,0.9999985694885254
cat,cat,0.9800471663475037
frog,bird,0.931812047958374
bird,bird,0.9999102354049683
airplane,automobile,0.7290868759155273
ship,automobile,0.9957255125045776
truck,truck,0.9999297857284546
airplane,bird,0.6997242569923401
dog,dog,0.9662050008773804
automobile,automobile,0.9999967813491821
dog,dog,0.7337674498558044
ship,ship,0.9987975358963013
bird,bird,0.9996070265769958
automobile,automobile,0.9999465942382812
bird,bird,0.8696711659431458
cat,dog,0.6444826722145081
bird,bird,0.9999979734420776
deer,deer,0.9999959468841553
ship,ship,1.0
deer,deer,0.991675078868866
airplane,airplane,0.6014029383659363
frog,frog,0.5424489974975586
deer,deer,0.9981781244277954
bird,bird,0.9887795448303223
truck,truck,0.9995549321174622
ship,ship,0.9999971389770508
deer,deer,0.9011678099632263
horse,horse,0.9999822378158569
frog,frog,0.9946565628051758
bird,bird,0.9999728202819824
deer,deer,0.9999997615814209
horse,horse,0.9927124977111816
horse,horse,0.9977866411209106
frog,frog,0.9999938011169434
deer,deer,0.982793927192688
bird,bird,0.9999995231628418
bird,bird,1.0
cat,cat,0.9673084020614624
bird,bird,0.9990962743759155
deer,dog,0.6674232482910156
truck,truck,0.9997742772102356
airplane,airplane,0.999345600605011
airplane,airplane,0.9996960163116455
truck,truck,0.778605043888092
frog,frog,0.9999719858169556
dog,dog,0.9025577306747437
ship,ship,1.0
dog,dog,0.9994754195213318
bird,bird,0.9758022427558899
deer,deer,0.9999363422393799
ship,ship,1.0
ship,ship,1.0
frog,frog,0.9998888969421387
deer,airplane,0.517605721950531
dog,dog,0.9999655485153198
horse,horse,0.9999735355377197
frog,frog,0.9999972581863403
cat,cat,0.49889659881591797
horse,deer,0.7200219631195068
airplane,airplane,0.9971000552177429
deer,deer,0.8745105862617493
airplane,airplane,0.9755120873451233
dog,cat,0.9761155247688293
ship,ship,0.9999982118606567
bird,dog,0.8125975131988525
ship,ship,0.9999808073043823
airplane,truck,0.985554039478302
deer,deer,0.9998264908790588
truck,truck,0.9969311952590942
bird,bird,0.6924522519111633
cat,cat,0.8472304940223694
frog,frog,0.9998290538787842
ship,ship,1.0
automobile,automobile,1.0
frog,frog,1.0
airplane,airplane,0.9544870853424072
ship,ship,0.9998270869255066
deer,deer,0.9681380987167358
cat,dog,0.7551797032356262
automobile,automobile,0.9999977350234985
deer,deer,0.9999957084655762
dog,dog,0.9232553839683533
bird,bird,0.9963913559913635
deer,deer,0.9000990390777588
cat,dog,0.5073347687721252
frog,frog,0.9118202924728394
airplane,airplane,0.9992233514785767
horse,horse,0.9987838864326477
automobile,automobile,0.9999920129776001
cat,cat,0.9997860789299011
dog,dog,0.9999268054962158
horse,horse,0.999988317489624
automobile,automobile,0.9996206760406494
ship,ship,1.0
airplane,airplane,0.9877786040306091
deer,deer,0.9764024019241333
ship,ship,0.9988449811935425
bird,bird,0.9927242398262024
horse,horse,0.998870313167572
horse,horse,0.9945595860481262
airplane,airplane,0.9711206555366516
bird,bird,0.9873173832893372
bird,bird,0.9995867609977722
deer,deer,0.9953745007514954
cat,dog,0.8865794539451599
cat,cat,0.9716864228248596
automobile,automobile,0.9796864986419678
frog,frog,0.9953853487968445
automobile,automobile,0.9999955892562866
frog,frog,0.9918603301048279
deer,deer,0.9984874725341797
frog,frog,0.9999333620071411
horse,horse,0.9998644590377808
deer,deer,0.9925016164779663
horse,cat,0.4969642162322998
cat,cat,0.5233330726623535
ship,ship,0.9999840259552002
automobile,automobile,0.9965860843658447
cat,cat,0.9966226816177368
automobile,automobile,0.9999980926513672
deer,deer,0.7868353724479675
frog,frog,1.0
dog,dog,0.4167923629283905
dog,dog,0.9783012270927429
horse,horse,0.9998062252998352
deer,deer,0.9999998807907104
dog,dog,0.999972939491272
deer,deer,0.9947478175163269
truck,truck,0.9999998807907104
horse,horse,0.9904688000679016
horse,horse,0.9976292252540588
bird,bird,0.9995436072349548
cat,cat,0.6224403977394104
cat,cat,0.9986252784729004
frog,frog,0.9995531439781189
horse,horse,0.9999979734420776
deer,deer,0.9901150465011597
automobile,automobile,0.99980229139328
frog,frog,0.9999575614929199
automobile,automobile,0.9999866485595703
airplane,airplane,0.9876202940940857
frog,frog,0.9998462200164795
truck,truck,0.9905459880828857
frog,frog,0.9995073080062866
airplane,airplane,0.9999964237213135
bird,bird,0.9997841715812683
airplane,airplane,0.9999979734420776
bird,bird,0.8772766590118408
deer,deer,0.9739539623260498
horse,horse,0.9839550256729126
airplane,airplane,0.9990463852882385
airplane,airplane,0.6999330520629883
airplane,airplane,0.9999943971633911
airplane,airplane,0.9999661445617676
horse,horse,0.9999532699584961
dog,dog,0.9999996423721313
cat,cat,0.5128673911094666
bird,bird,0.9441569447517395
horse,horse,0.9998180270195007
ship,ship,0.999940037727356
dog,dog,0.9956434965133667
dog,dog,0.9430327415466309
bird,bird,0.9897291660308838
bird,bird,0.9999961853027344
ship,ship,0.999998927116394
truck,truck,0.9999998807907104
automobile,automobile,0.9999945163726807
bird,bird,0.982636570930481
bird,bird,0.8742138147354126
airplane,ship,0.5239452123641968
cat,cat,0.9967331886291504
deer,deer,0.982222318649292
truck,truck,0.9903907775878906
automobile,automobile,0.9178909063339233
frog,frog,0.9999231100082397
truck,truck,0.9564220905303955
airplane,airplane,0.9951011538505554
ship,ship,0.9964615702629089
cat,cat,0.9999864101409912
frog,frog,0.9999017715454102
deer,deer,0.854512631893158
frog,frog,0.9999914169311523
horse,horse,0.9993591904640198
dog,dog,0.9948062300682068
automobile,automobile,0.999518871307373
ship,ship,0.9999998807907104
truck,truck,0.9999325275421143
airplane,airplane,0.9999810457229614
dog,cat,0.9921842217445374
airplane,airplane,0.994659960269928
dog,dog,0.9804980754852295
deer,deer,0.5078036189079285
cat,cat,0.9986997842788696
ship,ship,0.999996542930603
dog,dog,0.9690316915512085
bird,bird,0.9986687898635864
airplane,airplane,0.9999932050704956
ship,ship,0.9962067604064941
dog,dog,0.998576283454895
truck,truck,0.999968409538269
bird,bird,0.999731719493866
dog,deer,0.9334850907325745
frog,frog,0.9998921155929565
dog,dog,0.9993005990982056
horse,horse,0.9977351427078247
cat,cat,0.9913216233253479
horse,horse,0.9607769846916199
bird,bird,0.9538638591766357
ship,ship,0.9998828172683716
ship,ship,0.9998934268951416
deer,deer,0.9834370613098145
bird,bird,1.0
automobile,automobile,0.9996269941329956
frog,frog,0.9999995231628418
bird,bird,0.9928343296051025
truck,truck,0.9999054670333862
truck,truck,0.9999985694885254
ship,ship,0.9996988773345947
bird,bird,0.8937479257583618
cat,cat,0.8781946897506714
automobile,automobile,0.9999924898147583
airplane,airplane,0.9999898672103882
dog,dog,0.9993256330490112
bird,bird,0.9999831914901733
cat,cat,0.9708483219146729
horse,horse,0.999588668346405
truck,truck,0.9997357726097107
dog,horse,0.4088333249092102
truck,truck,0.9852767586708069
automobile,automobile,0.9997215867042542
automobile,automobile,0.999998927116394
cat,cat,0.9169164299964905
bird,bird,0.9850637912750244
horse,horse,0.9970442652702332
deer,dog,0.45711585879325867
deer,deer,0.9790995717048645
automobile,automobile,0.9999998807907104
truck,truck,0.9999873638153076
deer,deer,0.8802787065505981
dog,cat,0.6880010962486267
dog,dog,0.9999910593032837
bird,bird,0.9986472725868225
horse,bird,0.9962963461875916
horse,horse,0.6151388883590698
frog,frog,0.9999963045120239
automobile,automobile,0.9999896287918091
bird,bird,0.913490891456604
cat,cat,0.9997305274009705
horse,horse,0.9997398257255554
dog,bird,0.6185505986213684
deer,deer,0.9967449903488159
cat,dog,0.9642427563667297
horse,horse,0.9994062185287476
horse,horse,0.9993098974227905
airplane,airplane,0.9242746829986572
airplane,frog,0.45546862483024597
automobile,automobile,0.9703614711761475
deer,bird,0.5378322005271912
deer,deer,0.9964369535446167
cat,cat,0.9954721927642822
horse,horse,0.9302263259887695
truck,truck,0.9999990463256836
ship,ship,0.9999998807907104
horse,horse,0.9999996423721313
airplane,airplane,0.9990341663360596
truck,truck,0.9999470710754395
airplane,airplane,0.9996539354324341
cat,cat,0.9512633085250854
horse,horse,0.9998718500137329
frog,frog,0.995593249797821
cat,cat,0.715195894241333
ship,ship,0.9999986886978149
deer,deer,0.9998213648796082
dog,dog,0.9826821088790894
frog,frog,1.0
dog,dog,0.9996209144592285
cat,dog,0.8742961883544922
deer,deer,0.999953031539917
bird,bird,0.7895913124084473
truck,truck,0.9476967453956604
bird,bird,0.9907189011573792
deer,deer,0.9253225922584534
truck,truck,0.9928361773490906
bird,bird,0.9996742010116577
airplane,airplane,0.9985716342926025
automobile,automobile,0.9961894154548645
automobile,truck,0.7836993932723999
cat,cat,0.9433937072753906
horse,horse,0.9999680519104004
truck,truck,0.9999997615814209
dog,dog,0.9999735355377197
automobile,automobile,0.9999982118606567
frog,frog,0.9994251728057861
airplane,airplane,0.9998162388801575
cat,cat,0.9915868043899536
cat,cat,0.6277135014533997
horse,horse,0.9996626377105713
bird,bird,0.5305925607681274
deer,deer,0.999045193195343
dog,dog,0.9988620281219482
bird,bird,0.9888266324996948
cat,cat,0.9638680219650269
frog,frog,0.9999960660934448
cat,cat,0.8426700830459595
cat,cat,0.8599088788032532
airplane,airplane,0.9999964237213135
deer,deer,0.991257905960083
deer,deer,0.7901063561439514
cat,cat,0.9341381192207336
ship,ship,0.9999892711639404
automobile,automobile,0.9998670816421509
bird,bird,0.9999803304672241
cat,cat,0.8310364484786987
bird,bird,0.9422560930252075
horse,horse,0.9998445510864258
automobile,automobile,0.975723147392273
deer,airplane,0.753179669380188
dog,deer,0.5183838605880737
frog,frog,0.9999984502792358
ship,ship,0.999964714050293
frog,frog,0.9981181621551514
frog,frog,0.984157919883728
dog,dog,0.9987175464630127
deer,deer,0.9999891519546509
bird,bird,0.9938754439353943
truck,truck,0.9999996423721313
truck,truck,0.9212105870246887
cat,cat,0.8937039971351624
bird,bird,0.9999922513961792
airplane,airplane,0.9999021291732788
deer,deer,0.9907554984092712
automobile,automobile,0.9847307205200195
dog,dog,0.7829363346099854
dog,dog,0.9990529417991638
frog,frog,0.9969225525856018
frog,frog,0.9999817609786987
dog,dog,0.9522219896316528
frog,frog,1.0
truck,truck,0.9999556541442871
horse,horse,0.9862598776817322
truck,truck,0.9832942485809326
deer,deer,0.9999836683273315
ship,ship,0.9999998807907104
cat,cat,0.98307865858078
automobile,automobile,0.9967361092567444
truck,truck,0.9999489784240723
ship,ship,0.9998134970664978
automobile,automobile,0.947648823261261
truck,truck,1.0
airplane,airplane,0.7793197631835938
cat,cat,0.9999902248382568
airplane,airplane,0.9808036684989929
deer,deer,0.9999974966049194
horse,horse,0.9936196208000183
horse,horse,0.9992517828941345
bird,bird,1.0
frog,frog,0.8017083406448364
dog,dog,0.9999996423721313
frog,frog,0.9999595880508423
truck,truck,0.9898028373718262
horse,horse,0.9930272698402405
horse,horse,0.9973733425140381
dog,dog,0.9461167454719543
horse,horse,0.999700665473938
airplane,airplane,0.999995231628418
ship,ship,1.0
frog,frog,0.9999998807907104
horse,dog,0.846413254737854
ship,ship,0.9980321526527405
cat,cat,0.9958739876747131
ship,ship,0.9997372031211853
truck,truck,0.9998194575309753
cat,cat,0.9493640065193176
bird,bird,0.9999997615814209
truck,truck,0.9999818801879883
bird,bird,0.9100496172904968
horse,horse,0.9999891519546509
deer,deer,0.9940423369407654
automobile,automobile,0.9780718088150024
truck,truck,0.9999232292175293
horse,horse,0.999987006187439
airplane,airplane,0.9999876022338867
ship,ship,0.7839219570159912
automobile,automobile,0.9999972581863403
bird,deer,0.7683849334716797
airplane,airplane,0.9999885559082031
frog,frog,0.9999926090240479
dog,dog,0.9996612071990967
automobile,automobile,0.9999902248382568
deer,deer,0.9998080134391785
bird,bird,0.9999011754989624
ship,ship,0.9999998807907104
bird,bird,0.9999808073043823
ship,ship,0.9999978542327881
cat,cat,0.9999293088912964
cat,dog,0.6721479296684265
automobile,automobile,0.9999727010726929
deer,deer,0.9943510293960571
truck,truck,1.0
ship,ship,0.9999990463256836
automobile,automobile,0.9999998807907104
automobile,automobile,0.9999767541885376
horse,horse,0.6377803087234497
truck,truck,0.999968409538269
truck,truck,0.9997773766517639
deer,deer,0.9995356798171997
frog,frog,0.9995379447937012
ship,ship,0.9757417440414429
dog,dog,0.9998821020126343
cat,cat,0.9673799276351929
bird,bird,0.6861546635627747
bird,bird,0.9695971012115479
cat,cat,0.8756464719772339
ship,ship,0.9999992847442627
dog,dog,0.9733604192733765
automobile,automobile,0.9941402077674866
truck,truck,0.9999426603317261
horse,horse,0.9999853372573853
truck,truck,0.9999942779541016
automobile,automobile,0.9999774694442749
dog,cat,0.9943106174468994
cat,cat,0.9645453095436096
automobile,automobile,0.999976396560669
airplane,airplane,0.9593771696090698
cat,cat,0.9985917210578918
ship,ship,1.0
truck,truck,0.9900527596473694
bird,bird,0.9999878406524658
airplane,airplane,0.997267484664917
ship,ship,0.9956191182136536
airplane,airplane,0.8051695227622986
horse,truck,0.6676498651504517
truck,truck,0.6121101379394531
deer,deer,0.9996821880340576
ship,ship,0.9878964424133301
cat,cat,0.599372923374176
airplane,airplane,0.9990936517715454
horse,horse,0.9999773502349854
airplane,airplane,0.9975767731666565
horse,horse,0.999969482421875
airplane,airplane,0.9846946597099304
dog,dog,0.9970064759254456
dog,dog,0.9957697987556458
deer,deer,0.9999476671218872
cat,cat,0.9999922513961792
airplane,airplane,0.9989426732063293
truck,truck,0.7358465790748596
truck,truck,0.9064009785652161
airplane,airplane,0.9983119964599609
bird,bird,0.9961242079734802
bird,bird,0.9507690668106079
airplane,airplane,0.9999781847000122
ship,ship,0.9999974966049194
deer,frog,0.6669844388961792
deer,deer,0.9999406337738037
dog,dog,0.9887557625770569
bird,bird,0.9999988079071045
bird,bird,0.908168375492096
automobile,automobile,0.9960546493530273
automobile,truck,0.8094730377197266
dog,dog,0.9362354874610901
dog,deer,0.5393050312995911
deer,deer,0.9576894640922546
cat,cat,0.9996016621589661
deer,deer,0.9999953508377075
airplane,airplane,0.9987385869026184
ship,ship,0.9998364448547363
deer,airplane,0.5545357465744019
ship,ship,0.996929943561554
bird,bird,0.9381612539291382
dog,dog,0.9997696280479431
frog,frog,0.9491788148880005
dog,dog,0.9999408721923828
automobile,automobile,0.9999829530715942
horse,horse,0.9857014417648315
bird,bird,0.9985576272010803
deer,deer,0.9999923706054688
airplane,airplane,0.9907147884368896
dog,dog,0.9176995158195496
frog,frog,0.9999721050262451
ship,ship,0.9999984502792358
horse,horse,0.9999935626983643
frog,frog,0.9999996423721313
cat,cat,0.6049565076828003
automobile,automobile,0.9910402894020081
cat,dog,0.6434533596038818
frog,frog,0.547962486743927
frog,frog,0.999356210231781
deer,deer,0.9651758670806885
dog,dog,0.9782702922821045
dog,dog,0.9968301653862
dog,dog,0.9446806311607361
automobile,automobile,0.9998718500137329
ship,ship,0.9998713731765747
horse,horse,0.9987781643867493
cat,cat,0.937711775302887
airplane,airplane,0.9999009370803833
bird,bird,0.9858242273330688
dog,dog,0.9098082780838013
automobile,automobile,0.9999996423721313
automobile,automobile,0.999998927116394
automobile,automobile,0.9965157508850098
frog,frog,0.9993950128555298
horse,horse,0.9890345335006714
bird,bird,0.999178946018219
automobile,automobile,0.9928842782974243
bird,bird,0.9988816380500793
cat,cat,0.9999994039535522
truck,truck,0.9996494054794312
ship,ship,0.9999982118606567
cat,deer,0.6374716758728027
automobile,automobile,0.999961256980896
horse,horse,0.9999983310699463
deer,deer,0.9999126195907593
ship,ship,0.9910309314727783
deer,deer,0.9994756579399109
horse,horse,0.9859086871147156
dog,dog,1.0
ship,ship,0.999937891960144
frog,frog,0.9997743964195251
airplane,airplane,0.999715268611908
cat,dog,0.9926270842552185
airplane,airplane,0.9970993995666504
ship,ship,0.8388200998306274
cat,bird,0.9523816704750061
deer,deer,0.9609629511833191
deer,deer,0.9852896332740784
truck,truck,0.9999969005584717
deer,deer,0.9909304976463318
frog,frog,0.9999959468841553
automobile,automobile,0.9997522234916687
dog,cat,0.4486028254032135
horse,horse,0.9996140599250793
horse,horse,0.9996271133422852
truck,truck,0.9999998807907104
airplane,airplane,0.9995403289794922
automobile,automobile,0.9999866485595703
cat,cat,0.9459349513053894
automobile,automobile,0.9999707937240601
cat,cat,0.9403748512268066
bird,airplane,0.7413679361343384
deer,deer,0.9991486072540283
airplane,airplane,0.9546598792076111
horse,horse,0.9802653789520264
ship,automobile,0.526217520236969
cat,automobile,0.5139931440353394
automobile,automobile,0.9997268319129944
frog,frog,0.9914693236351013
bird,bird,0.9997768998146057
automobile,automobile,0.9999284744262695
ship,ship,0.9999336004257202
ship,ship,0.97002774477005
automobile,truck,0.6612864136695862
truck,truck,1.0
horse,horse,0.9874618649482727
dog,dog,0.7745989561080933
cat,cat,0.9961509704589844
bird,bird,0.9983211159706116
truck,truck,0.9999995231628418
airplane,airplane,0.999911904335022
frog,frog,0.9992314577102661
ship,ship,0.9999998807907104
deer,deer,0.9998340606689453
automobile,automobile,0.5095594525337219
dog,dog,0.9999833106994629
horse,horse,0.9831468462944031
bird,airplane,0.985771656036377
deer,deer,0.9987276196479797
horse,horse,0.9999518394470215
airplane,airplane,0.9929099678993225
deer,deer,0.999772846698761
truck,truck,0.9999973773956299
airplane,airplane,0.952161967754364
horse,horse,0.9915800094604492
airplane,airplane,0.9999819993972778
frog,frog,0.9999568462371826
horse,horse,0.9997838139533997
automobile,automobile,0.9988192915916443
ship,ship,0.9997186064720154
dog,cat,0.7467558979988098
ship,ship,0.9999768733978271
ship,ship,0.9998331069946289
horse,horse,0.9993582367897034
airplane,airplane,0.9994261264801025
airplane,airplane,0.9989237189292908
cat,cat,0.5821971297264099
bird,airplane,0.6890172362327576
dog,dog,0.9975504279136658
horse,horse,0.9976779818534851
airplane,airplane,0.998688280582428
frog,frog,0.997445821762085
deer,deer,0.8489250540733337
deer,deer,0.9588570594787598
truck,truck,0.9999960660934448
automobile,automobile,0.9999997615814209
ship,ship,0.9999996423721313
frog,frog,0.999806821346283
cat,cat,0.9999958276748657
truck,truck,0.999984860420227
deer,deer,0.9642554521560669
truck,truck,0.9998170733451843
cat,cat,0.9999984502792358
cat,cat,0.6570842266082764
horse,horse,0.9969992637634277
dog,dog,0.9998170733451843
truck,truck,0.9995436072349548
horse,horse,0.9999877214431763
horse,dog,0.5152014493942261
deer,deer,0.9768873453140259
dog,dog,0.9452458620071411
ship,ship,0.9998189806938171
bird,bird,0.9895269870758057
ship,ship,0.9999514818191528
truck,truck,0.9999842643737793
dog,dog,0.9999727010726929
cat,cat,0.9999916553497314
automobile,automobile,0.9996522665023804
truck,truck,0.9998687505722046
bird,bird,0.9962298274040222
bird,bird,0.9999984502792358
airplane,airplane,0.9998513460159302
automobile,automobile,0.9869323372840881
automobile,truck,0.9162537455558777
ship,ship,0.9389051795005798
automobile,automobile,0.9999983310699463
automobile,automobile,0.9999951124191284
truck,truck,0.6998063921928406
ship,ship,0.9999998807907104
truck,truck,0.9999405145645142
truck,truck,0.9999985694885254
airplane,ship,0.992368757724762
bird,bird,0.9999961853027344
frog,bird,0.8829508423805237
truck,truck,0.9999860525131226
automobile,automobile,0.965974748134613
truck,truck,0.9978061318397522
airplane,bird,0.9700924754142761
automobile,automobile,0.992191731929779
truck,truck,0.9789842963218689
bird,bird,0.9996750354766846
truck,ship,0.511898934841156
truck,truck,0.9999966621398926
truck,truck,0.9956302642822266
airplane,horse,0.4381152391433716
truck,truck,0.9999862909317017
truck,truck,0.9997531771659851
bird,bird,0.9859986305236816
automobile,automobile,0.9999984502792358
horse,horse,0.9997643828392029
airplane,airplane,0.9999958276748657
dog,dog,0.9999951124191284
frog,frog,0.9997716546058655
cat,cat,0.9911154508590698
truck,automobile,0.666120707988739
ship,ship,0.9999921321868896
cat,cat,0.7915827035903931
airplane,airplane,0.988815426826477
bird,bird,0.8688416481018066
horse,horse,0.9947425127029419
horse,horse,0.9999260902404785
deer,deer,0.9983536005020142
ship,ship,0.9999972581863403
cat,dog,0.7170948386192322
airplane,airplane,0.6997203826904297
dog,deer,0.9321495890617371
bird,bird,0.7955169081687927
cat,cat,0.822968602180481
dog,dog,0.9999743700027466
horse,horse,0.9999951124191284
frog,frog,0.9999992847442627
frog,frog,0.9999933242797852
frog,frog,0.999875545501709
dog,dog,0.9942442774772644
frog,frog,0.8483454585075378
dog,cat,0.6640234589576721
deer,deer,0.9999990463256836
dog,dog,0.5050477981567383
ship,ship,0.9999821186065674
ship,ship,0.5346552729606628
airplane,airplane,0.9999890327453613
truck,truck,0.8083571791648865
horse,dog,0.5309699773788452
truck,truck,0.999935507774353
airplane,airplane,0.7610480785369873
frog,frog,0.9984765648841858
truck,truck,0.999991774559021
frog,frog,0.9998823404312134
automobile,automobile,0.999987006187439
deer,deer,0.6978487372398376
horse,horse,0.9999141693115234
truck,truck,0.9490349292755127
airplane,ship,0.5975569486618042
cat,truck,0.8884853720664978
dog,dog,0.9999854564666748
deer,deer,0.9107258915901184
horse,horse,0.9994877576828003
frog,frog,0.9999886751174927
truck,truck,0.9999996423721313
ship,ship,0.9927021265029907
bird,bird,0.7546316385269165
cat,cat,0.7839254140853882
truck,truck,0.9992245435714722
cat,cat,0.9998045563697815
cat,cat,0.9531680345535278
horse,horse,0.9929664134979248
ship,ship,0.9999977350234985
cat,cat,0.9741122722625732
dog,cat,0.845403790473938
dog,dog,0.6412908434867859
truck,truck,0.994484007358551
frog,frog,0.978103518486023
automobile,automobile,0.9999532699584961
deer,deer,0.9997866749763489
horse,horse,0.9999724626541138
deer,deer,0.9999021291732788
ship,ship,0.9999997615814209
horse,horse,0.9964815378189087
horse,horse,0.9998630285263062
automobile,automobile,0.9960696697235107
cat,cat,0.9964753985404968
airplane,airplane,0.9997009038925171
cat,cat,0.9998093247413635
bird,bird,0.9198499917984009
dog,dog,0.9229132533073425
deer,deer,0.9810147285461426
truck,truck,0.8297715783119202
cat,cat,0.9963772892951965
dog,dog,0.9996157884597778
deer,deer,0.9992805123329163
horse,horse,0.9953078627586365
airplane,airplane,0.9999265670776367
cat,cat,0.9097259044647217
horse,horse,0.9999399185180664
airplane,airplane,0.9978218078613281
bird,bird,0.9033244848251343
automobile,automobile,0.9964743256568909
dog,dog,0.8496630787849426
ship,ship,0.9996610879898071
horse,horse,0.9999746084213257
cat,cat,0.996826708316803
dog,dog,0.9970893263816833
horse,horse,0.9999984502792358
ship,ship,0.9999701976776123
dog,dog,0.9999783039093018
horse,horse,0.9999828338623047
ship,ship,1.0
automobile,automobile,0.9998699426651001
dog,deer,0.6785422563552856
deer,deer,0.99437016248703
horse,horse,0.9998699426651001
airplane,airplane,0.9672161936759949
ship,ship,0.884721577167511
cat,cat,0.9999998807907104
bird,bird,0.9999991655349731
truck,truck,0.9999933242797852
horse,horse,0.9997459053993225
deer,deer,0.9962493777275085
automobile,automobile,0.9928539395332336
frog,frog,0.9999992847442627
dog,dog,0.9827724099159241
truck,truck,0.9998877048492432
ship,ship,1.0
dog,dog,0.90101557970047
dog,dog,0.9999982118606567
deer,deer,0.9947506785392761
automobile,automobile,0.9999828338623047
airplane,airplane,0.9991076588630676
truck,truck,0.999995231628418
deer,deer,0.9999074935913086
deer,dog,0.7825892567634583
cat,cat,0.9880030155181885
airplane,airplane,0.4426442086696625
deer,deer,0.9995476603507996
ship,airplane,0.8580112457275391
airplane,airplane,0.9999817609786987
ship,ship,0.9999334812164307
bird,bird,0.9650068879127502
truck,truck,0.9998607635498047
dog,dog,0.39010271430015564
truck,truck,0.9999920129776001
horse,horse,0.9980520009994507
deer,horse,0.6398934125900269
frog,frog,0.9966390132904053
horse,horse,0.8183222413063049
truck,truck,0.9763350486755371
bird,bird,1.0
truck,truck,0.9902059435844421
cat,cat,0.9861847758293152
horse,horse,0.9997236132621765
horse,horse,0.9998788833618164
ship,ship,0.9996902942657471
bird,bird,0.9000517129898071
bird,bird,0.9990299940109253
airplane,airplane,0.982779860496521
bird,bird,0.999931812286377
dog,dog,0.975042998790741
cat,cat,0.9866645336151123
frog,frog,0.9970325231552124
deer,deer,0.9999512434005737
horse,horse,0.9745084643363953
bird,bird,0.9994847774505615
cat,cat,0.9821948409080505
horse,dog,0.8047478795051575
ship,ship,0.9998195767402649
horse,horse,0.9733009338378906
bird,bird,0.999941349029541
dog,dog,0.9994162321090698
airplane,airplane,0.8673229813575745
airplane,airplane,0.6396188735961914
horse,horse,0.9999697208404541
airplane,airplane,0.965120255947113
truck,truck,0.990962564945221
frog,frog,0.9883337020874023
automobile,automobile,0.9999997615814209
airplane,bird,0.5322728753089905
cat,cat,0.7522231340408325
truck,truck,0.5332418084144592
horse,horse,0.999947190284729
deer,bird,0.46918806433677673
truck,truck,0.9998575448989868
automobile,automobile,0.9999922513961792
frog,frog,0.7362201809883118
ship,ship,0.999920129776001
automobile,automobile,0.9999889135360718
bird,bird,0.9499063491821289
cat,cat,0.9999905824661255
cat,ship,0.7133646607398987
dog,dog,0.9974930286407471
deer,deer,0.9993311166763306
ship,ship,0.9824140667915344
truck,truck,0.9898836016654968
horse,dog,0.8118115663528442
deer,deer,0.9999508857727051
deer,deer,0.819122314453125
automobile,automobile,0.9999085664749146
bird,bird,0.9998409748077393
deer,deer,0.7746641635894775
truck,truck,0.9993163347244263
ship,ship,0.9981383085250854
horse,horse,0.8910844922065735
truck,truck,1.0
dog,dog,0.8734306693077087
automobile,automobile,0.9999990463256836
bird,bird,0.9999620914459229
automobile,automobile,0.9999964237213135
frog,frog,0.795912504196167
frog,frog,0.9999958276748657
deer,deer,0.91021728515625
dog,dog,0.9880253672599792
horse,horse,0.9999984502792358
deer,deer,0.9418125152587891
dog,dog,0.7007813453674316
ship,ship,0.9999998807907104
dog,dog,0.7741496562957764
bird,deer,0.7674408555030823
ship,ship,0.9999792575836182
horse,horse,0.9997434020042419
ship,ship,0.9996864795684814
bird,bird,0.9999728202819824
cat,cat,0.8676518201828003
frog,frog,0.9998956918716431
automobile,automobile,0.9999996423721313
cat,dog,0.9888247847557068
cat,cat,0.6615877747535706
automobile,truck,0.9160832166671753
dog,dog,0.7431928515434265
automobile,automobile,0.9999992847442627
truck,truck,1.0
airplane,airplane,0.9999396800994873
truck,truck,0.9999992847442627
bird,bird,0.9761632084846497
airplane,airplane,0.5948527455329895
frog,frog,0.9643123149871826
bird,bird,0.9998065829277039
deer,deer,0.9964220523834229
ship,ship,1.0
dog,dog,0.9999738931655884
horse,horse,0.9997116923332214
frog,frog,0.9999877214431763
automobile,automobile,0.9988635778427124
bird,bird,0.9789083003997803
truck,truck,1.0
deer,deer,0.9999661445617676
dog,dog,0.9993657469749451
airplane,airplane,0.5275768041610718
cat,cat,0.9439850449562073
cat,cat,0.9911584258079529
horse,horse,0.979699432849884
horse,horse,0.9496889114379883
horse,horse,0.9333058595657349
automobile,automobile,0.9999911785125732
deer,deer,0.9998470544815063
dog,dog,0.6002719402313232
airplane,airplane,0.970660388469696
bird,deer,0.6370261907577515
ship,ship,0.9998900890350342
dog,dog,1.0
airplane,airplane,0.8690727949142456
airplane,airplane,0.9996439218521118
frog,frog,0.9996281862258911
bird,bird,0.6413850784301758
airplane,airplane,0.9922811388969421
ship,ship,0.9646574258804321
deer,deer,0.9999985694885254
dog,dog,0.9998612403869629
deer,deer,0.6165281534194946
dog,dog,0.9904646873474121
frog,frog,0.9999332427978516
deer,deer,0.9059379696846008
horse,horse,0.9999836683273315
truck,truck,1.0
deer,deer,0.9036510586738586
bird,bird,0.9510396122932434
airplane,airplane,0.998430073261261
frog,frog,0.9999974966049194
deer,deer,0.7749400734901428
airplane,bird,0.49636441469192505
airplane,airplane,0.9999995231628418
frog,cat,0.42691487073898315
deer,deer,0.981007993221283
frog,frog,0.9998375177383423
automobile,automobile,0.9998437166213989
truck,automobile,0.9966611862182617
dog,dog,0.9995225667953491
dog,dog,0.8574657440185547
bird,bird,0.9999372959136963
bird,bird,1.0
frog,frog,0.9598128795623779
cat,cat,0.9999662637710571
deer,deer,0.996466875076294
dog,dog,0.9954719543457031
truck,airplane,0.7008712291717529
automobile,automobile,0.9999998807907104
horse,horse,0.9811626672744751
bird,bird,0.9997969269752502
cat,dog,0.5069342851638794
truck,truck,0.8115007877349854
frog,frog,0.999987006187439
dog,dog,0.999997615814209
airplane,airplane,0.9852665662765503
bird,bird,0.9999948740005493
truck,truck,0.8859362602233887
horse,horse,0.9997001886367798
automobile,automobile,1.0
horse,horse,0.9738949537277222
bird,bird,0.9999998807907104
bird,deer,0.4273128807544708
airplane,airplane,0.9996629953384399
ship,ship,0.9998176693916321
frog,frog,0.9998206496238708
deer,deer,0.9935981035232544
cat,cat,0.9995824694633484
bird,bird,0.8823421597480774
horse,horse,0.6714390516281128
horse,horse,0.9997510313987732
airplane,airplane,0.9999922513961792
deer,deer,0.9040845036506653
automobile,automobile,0.9999942779541016
frog,frog,0.9999977350234985
dog,dog,0.9986721277236938
automobile,automobile,0.9999102354049683
cat,cat,0.9098442792892456
airplane,airplane,0.45972850918769836
cat,cat,0.9186350703239441
truck,truck,0.9999817609786987
airplane,airplane,0.9344474077224731
airplane,airplane,0.9826779961585999
bird,bird,0.896783709526062
dog,dog,0.9914612770080566
airplane,airplane,0.6574978828430176
deer,deer,0.895355761051178
airplane,airplane,0.9999979734420776
automobile,automobile,0.9997484087944031
truck,truck,0.9996670484542847
ship,ship,0.9997292160987854
deer,deer,0.8522603511810303
truck,truck,1.0
deer,deer,0.9692836403846741
bird,bird,0.9171958565711975
deer,deer,0.999108612537384
cat,cat,0.9986479878425598
cat,dog,0.6185483932495117
deer,deer,0.9998019337654114
airplane,airplane,0.4874316453933716
deer,deer,0.9997032284736633
cat,cat,0.7462058663368225
bird,horse,0.9505254030227661
ship,ship,0.9999991655349731
truck,truck,0.9999998807907104
automobile,automobile,0.9795898795127869
dog,dog,0.9855119585990906
ship,ship,0.9999995231628418
automobile,automobile,0.9999958276748657
ship,ship,0.9999992847442627
bird,bird,0.9946879148483276
deer,deer,0.8274792432785034
dog,deer,0.8917257785797119
bird,bird,0.9965797066688538
deer,deer,0.9999758005142212
automobile,automobile,0.9998382329940796
automobile,automobile,0.9929627776145935
frog,frog,0.9996820688247681
frog,frog,0.9992795586585999
ship,ship,0.9669051766395569
dog,dog,0.9887682795524597
bird,bird,0.9935643076896667
bird,bird,0.9922996163368225
dog,dog,0.9998853206634521
airplane,airplane,0.9985153079032898
ship,ship,0.9999994039535522
bird,bird,0.9990103244781494
cat,cat,0.5711928606033325
frog,frog,0.9999645948410034
bird,bird,0.9999872446060181
truck,truck,1.0
frog,frog,0.9999237060546875
automobile,automobile,0.9999973773956299
deer,deer,0.9999847412109375
dog,dog,0.9880489706993103
truck,truck,1.0
airplane,airplane,0.9999401569366455
automobile,automobile,0.9996415376663208
airplane,airplane,0.5737926959991455
airplane,airplane,0.9987654685974121
ship,ship,0.999980092048645
automobile,automobile,0.9999990463256836
automobile,automobile,0.9283519983291626
frog,frog,0.9486583471298218
frog,frog,0.9999849796295166
truck,airplane,0.4683331847190857
dog,dog,0.9994774460792542
deer,deer,0.9870202541351318
automobile,truck,0.9994484782218933
horse,horse,0.7951192855834961
ship,ship,0.994644284248352
frog,frog,1.0
truck,truck,0.9999984502792358
automobile,automobile,0.9999926090240479
horse,horse,0.9993442893028259
frog,frog,0.9999492168426514
airplane,airplane,0.9998406171798706
truck,frog,0.6661733984947205
cat,dog,0.6391602158546448
dog,dog,0.9993150234222412
cat,cat,0.9998058676719666
bird,bird,0.9996156692504883
dog,dog,0.8267422318458557
cat,cat,0.9999078512191772
deer,deer,0.9999892711639404
truck,truck,0.9914450645446777
horse,horse,0.9454850554466248
automobile,automobile,0.9999974966049194
deer,deer,0.4844365417957306
deer,deer,0.8448008298873901
frog,frog,0.9999951124191284
automobile,automobile,0.9999997615814209
cat,cat,0.999839186668396
ship,ship,0.9995301961898804
ship,ship,1.0
airplane,airplane,0.9997720122337341
frog,frog,1.0
horse,horse,0.9999946355819702
horse,horse,0.9987875819206238
frog,frog,0.9843447804450989
horse,horse,0.9999860525131226
bird,bird,0.9961633682250977
cat,dog,0.8740273118019104
bird,bird,0.9937183856964111
bird,deer,0.797275722026825
frog,frog,0.9884545207023621
bird,bird,1.0
horse,horse,0.9992109537124634
deer,dog,0.646001935005188
airplane,airplane,0.9875076413154602
cat,cat,0.90885990858078
frog,frog,0.9994847774505615
bird,bird,0.999961256980896
frog,frog,0.6897815465927124
cat,cat,0.9914442896842957
cat,cat,0.39107546210289
airplane,airplane,0.9999566078186035
truck,truck,0.999985933303833
dog,cat,0.8373387455940247
automobile,automobile,0.8699358701705933
automobile,automobile,0.9840285181999207
dog,dog,0.9998447895050049
cat,dog,0.6251296401023865
frog,frog,0.8139676451683044
deer,deer,0.9991182684898376
cat,cat,0.9986409544944763
deer,deer,0.9929707646369934
automobile,automobile,0.9991412162780762
airplane,airplane,0.9991181492805481
deer,deer,0.9856237173080444
dog,dog,0.6837796568870544
dog,dog,0.96512770652771
bird,deer,0.9172358512878418
ship,ship,0.9998610019683838
truck,truck,0.9999775886535645
deer,airplane,0.7477694749832153
cat,cat,0.9034213423728943
automobile,automobile,0.9556679725646973
ship,ship,0.9999985694885254
airplane,airplane,0.9725149869918823
automobile,automobile,0.8134376406669617
cat,cat,0.999790370464325
cat,cat,0.996259331703186
deer,horse,0.9955019354820251
deer,deer,0.9458787441253662
bird,bird,0.5249433517456055
truck,truck,0.9998751878738403
horse,horse,0.9768164753913879
frog,frog,0.9952228665351868
ship,ship,0.9999997615814209
automobile,automobile,0.9999998807907104
ship,ship,0.9999998807907104
truck,truck,0.9988375306129456
automobile,truck,0.943627119064331
cat,cat,0.9959251880645752
automobile,automobile,0.999286949634552
horse,horse,0.9999910593032837
cat,cat,0.9999969005584717
airplane,airplane,0.981357216835022
airplane,airplane,0.9997959733009338
bird,bird,0.4501758813858032
ship,truck,0.8515554666519165
cat,cat,0.9608396887779236
truck,truck,1.0
bird,bird,0.9999980926513672
horse,horse,0.9999369382858276
bird,bird,0.9527109861373901
frog,frog,0.9999874830245972
airplane,airplane,0.9988895058631897
automobile,automobile,0.9999887943267822
frog,frog,0.9621342420578003
automobile,automobile,0.9999995231628418
frog,frog,1.0
horse,horse,0.9993607401847839
dog,dog,0.9999992847442627
dog,dog,0.9999853372573853
bird,bird,0.9854823350906372
dog,dog,0.9974091649055481
truck,truck,0.9999943971633911
deer,deer,0.9919621348381042
airplane,airplane,0.9999275207519531
bird,bird,0.9990173578262329
cat,cat,0.852773129940033
deer,deer,0.9997500777244568
truck,truck,0.9868682622909546
deer,deer,0.9581525325775146
automobile,automobile,0.9999980926513672
airplane,airplane,0.999390721321106
airplane,airplane,0.9996570348739624
bird,bird,0.9750255346298218
cat,cat,0.9177038669586182
ship,ship,0.6828055381774902
truck,truck,0.9999532699584961
bird,bird,0.9005542397499084
ship,ship,1.0
truck,truck,1.0
dog,dog,0.9997144341468811
horse,horse,0.9743742346763611
truck,truck,0.9994879961013794
automobile,automobile,0.9998868703842163
deer,deer,0.999930739402771
frog,frog,0.9993767142295837
bird,bird,0.9900268316268921
ship,ship,0.9999891519546509
deer,dog,0.6131786704063416
deer,deer,0.9661306142807007
ship,ship,0.9959406852722168
truck,truck,0.9999986886978149
cat,cat,0.9903614521026611
automobile,automobile,0.9999998807907104
automobile,automobile,0.990153968334198
frog,frog,0.9999932050704956
dog,dog,0.5047172904014587
ship,ship,0.999836802482605
deer,deer,0.996167004108429
frog,cat,0.8033352494239807
deer,deer,0.41599780321121216
dog,dog,0.9912248253822327
bird,bird,0.9999568462371826
frog,frog,0.9999972581863403
deer,deer,0.9999918937683105
bird,bird,0.9999967813491821
cat,cat,0.9967871904373169
automobile,automobile,0.9999890327453613
cat,frog,0.9892380237579346
frog,frog,0.9996986389160156
ship,ship,0.9999778270721436
dog,dog,0.8591570854187012
bird,bird,0.9966058731079102
bird,bird,0.8898849487304688
horse,horse,0.9999980926513672
automobile,automobile,0.9997983574867249
frog,frog,0.5396890640258789
bird,bird,0.9995063543319702
dog,dog,0.9753069281578064
truck,truck,0.9999140501022339
bird,bird,0.7440391778945923
ship,ship,1.0
automobile,automobile,0.7726902961730957
frog,frog,0.9999998807907104
truck,truck,0.9999871253967285
bird,bird,0.9956990480422974
horse,horse,0.999864935874939
dog,deer,0.5583617687225342
cat,cat,0.8684893846511841
bird,bird,0.9998947381973267
truck,truck,0.9999539852142334
horse,horse,0.9999998807907104
airplane,airplane,0.9999741315841675
bird,bird,0.999937891960144
truck,truck,0.9991970658302307
cat,cat,0.9851998090744019
deer,horse,0.6576675772666931
automobile,automobile,0.9999924898147583
horse,horse,0.5769256353378296
truck,truck,0.999998927116394
dog,dog,0.9999982118606567
ship,ship,0.9999910593032837
truck,truck,0.9997826218605042
horse,horse,0.9999898672103882
cat,ship,0.6263024210929871
deer,dog,0.623685359954834
airplane,airplane,0.9999496936798096
truck,truck,0.9973950386047363
horse,horse,0.9974850416183472
deer,deer,0.995571494102478
bird,bird,0.748211145401001
deer,deer,0.9964830875396729
horse,horse,0.9999899864196777
airplane,cat,0.5563145279884338
automobile,truck,0.5610175728797913
ship,ship,0.9999939203262329
automobile,automobile,0.9999220371246338
airplane,airplane,0.9989469647407532
deer,deer,0.9920044541358948
frog,frog,0.9995423555374146
automobile,automobile,0.9897876977920532
truck,truck,0.9999804496765137
truck,truck,0.9378835558891296
bird,airplane,0.7265967726707458
automobile,ship,0.415341854095459
bird,bird,0.9859588742256165
dog,dog,0.9675671458244324
frog,frog,0.9999934434890747
truck,truck,0.9890802502632141
horse,horse,0.9999219179153442
horse,deer,0.524490475654602
cat,cat,0.5114631056785583
deer,deer,0.9970663189888
bird,bird,0.9987159967422485
airplane,airplane,0.9999622106552124
bird,bird,0.9999598264694214
dog,dog,0.9999603033065796
frog,frog,0.4465440511703491
horse,horse,0.9991523027420044
cat,frog,0.49294954538345337
horse,horse,0.9998371601104736
truck,automobile,0.9945586323738098
deer,deer,0.9993689656257629
bird,bird,0.9874354600906372
airplane,airplane,0.8847260475158691
frog,frog,0.999200165271759
automobile,automobile,1.0
horse,horse,0.9999139308929443
dog,dog,0.9999252557754517
frog,frog,0.9982056617736816
dog,dog,0.9752835631370544
cat,frog,0.4316672682762146
truck,truck,0.999932050704956
bird,bird,0.9592490792274475
horse,horse,0.9999363422393799
ship,ship,0.9999996423721313
dog,dog,0.9990708827972412
truck,truck,0.9999966621398926
dog,dog,0.5090845227241516
ship,ship,0.9999996423721313
dog,dog,0.5717593431472778
deer,deer,0.9921139478683472
cat,dog,0.5591974854469299
horse,horse,0.9966561794281006
truck,truck,0.9880273342132568
ship,ship,0.9999052286148071
automobile,automobile,0.9999955892562866
bird,bird,0.9882645606994629
bird,bird,0.9998575448989868
ship,ship,0.9999885559082031
truck,truck,0.9999958276748657
cat,dog,0.7419388294219971
airplane,airplane,0.9987621307373047
ship,ship,0.9256023168563843
deer,deer,0.9909210205078125
airplane,airplane,0.999951958656311
bird,bird,0.9999887943267822
airplane,airplane,0.990987241268158
automobile,automobile,0.9959306120872498
deer,deer,0.9564831852912903
automobile,airplane,0.9882573485374451
ship,ship,0.9656515121459961
dog,dog,0.874713122844696
dog,dog,0.9275940656661987
horse,horse,0.9996656179428101
truck,truck,0.9998277425765991
ship,ship,0.6628336310386658
cat,horse,0.3899608850479126
horse,horse,0.9998859167098999
truck,truck,0.9999997615814209
automobile,automobile,0.9999990463256836
dog,dog,0.9989651441574097
frog,frog,0.9798414707183838
truck,truck,1.0
ship,ship,0.9999818801879883
horse,horse,0.9703712463378906
bird,bird,0.9999182224273682
airplane,airplane,0.9973337650299072
truck,truck,0.999174177646637
airplane,airplane,0.9857228398323059
ship,ship,0.995846688747406
dog,dog,0.9944067001342773
truck,truck,0.9999637603759766
deer,deer,0.852877140045166
bird,bird,0.9999316930770874
truck,truck,0.935005247592926
ship,ship,0.9997989535331726
automobile,automobile,0.9999988079071045
truck,truck,0.9950129389762878
automobile,automobile,0.9990467429161072
ship,ship,0.9999353885650635
cat,cat,0.9990196228027344
horse,horse,0.9999988079071045
frog,frog,0.9982447624206543
deer,deer,0.7702143788337708
bird,bird,0.9880709648132324
cat,cat,0.6140120625495911
horse,horse,0.9999912977218628
airplane,airplane,0.9999703168869019
cat,cat,0.6629682779312134
dog,dog,0.9962751865386963
ship,ship,0.999882698059082
ship,ship,0.9996121525764465
ship,ship,0.9999996423721313
horse,horse,0.9901332855224609
truck,truck,0.9986261129379272
frog,frog,0.9999977350234985
bird,bird,0.9997093081474304
horse,horse,0.9999572038650513
deer,deer,0.9998416900634766
dog,dog,0.8668614625930786
horse,horse,0.9998286962509155
frog,frog,0.9998482465744019
horse,horse,0.9994000196456909
automobile,automobile,0.9999533891677856
horse,horse,0.9096819758415222
cat,cat,0.6420119404792786
frog,frog,0.9907976388931274
ship,ship,1.0
bird,bird,0.9051850438117981
frog,frog,0.999998927116394
frog,frog,0.9999969005584717
horse,horse,0.99549400806427
automobile,automobile,0.997973620891571
dog,dog,0.5606203079223633
truck,truck,0.999987006187439
horse,horse,0.999782383441925
automobile,automobile,0.9738962054252625
horse,horse,0.9917033314704895
airplane,airplane,0.9952322840690613
automobile,automobile,0.9549709558486938
frog,frog,0.7441117167472839
cat,cat,0.6218314170837402
cat,cat,0.98405522108078
truck,truck,0.999858021736145
airplane,ship,0.9342600703239441
automobile,automobile,0.9999841451644897
bird,bird,0.999813973903656
cat,dog,0.990186333656311
bird,bird,0.9696550369262695
bird,bird,1.0
dog,dog,0.7115641236305237
deer,horse,0.6725387573242188
truck,truck,0.9999996423721313
ship,ship,0.9995079040527344
horse,horse,0.9568761587142944
deer,deer,0.9999233484268188
deer,deer,0.9991840720176697
truck,truck,0.9999994039535522
horse,horse,0.9017143249511719
frog,frog,0.9999997615814209
horse,horse,0.9999573230743408
horse,horse,0.9741227030754089
automobile,automobile,0.8088926076889038
bird,deer,0.8766707181930542
cat,cat,0.5817888975143433
dog,bird,0.5470279455184937
automobile,automobile,0.9798312783241272
truck,truck,1.0
airplane,airplane,0.9999433755874634
cat,cat,0.8870936036109924
cat,cat,0.9978674650192261
automobile,automobile,0.9999740123748779
dog,dog,0.9999998807907104
frog,frog,0.9998928308486938
frog,frog,0.9708591103553772
bird,bird,0.9999853372573853
deer,deer,0.7597995400428772
frog,frog,0.9972084164619446
ship,ship,0.9999996423721313
ship,ship,0.9999998807907104
truck,truck,0.9999642372131348
frog,frog,0.9286869168281555
frog,frog,0.999748170375824
automobile,automobile,0.9999253749847412
airplane,airplane,1.0
horse,horse,0.9994683861732483
dog,dog,0.9920217990875244
ship,ship,0.9998462200164795
bird,bird,0.97026526927948
automobile,automobile,0.9860323667526245
dog,dog,0.9713084101676941
ship,ship,0.9999920129776001
automobile,automobile,0.9999997615814209
deer,deer,0.9932903051376343
horse,cat,0.8747841715812683
dog,dog,0.9663146138191223
airplane,airplane,0.9997547268867493
cat,cat,0.5614228844642639
truck,deer,0.727848470211029
truck,truck,0.9999995231628418
dog,dog,0.9531981348991394
bird,bird,0.9977734684944153
ship,ship,0.9999109506607056
deer,horse,0.5019245743751526
automobile,automobile,0.9999381303787231
truck,truck,0.9999858140945435
airplane,airplane,0.9971110820770264
deer,deer,0.9999039173126221
deer,deer,0.9928092956542969
ship,ship,0.9976288676261902
bird,bird,0.9999622106552124
truck,truck,0.9753869771957397
airplane,airplane,0.5692044496536255
horse,horse,0.999920129776001
truck,truck,0.9999977350234985
ship,ship,1.0
horse,horse,0.9999991655349731
automobile,automobile,0.9997852444648743
cat,frog,0.8400036096572876
bird,frog,0.6659803986549377
truck,truck,0.9999974966049194
truck,bird,0.7458581328392029
dog,dog,0.9881200790405273
truck,truck,1.0
horse,horse,0.7893481254577637
frog,frog,0.8505964875221252
horse,horse,0.9998383522033691
horse,horse,0.9843568205833435
automobile,automobile,1.0
automobile,automobile,0.8733106255531311
bird,bird,0.9999176263809204
deer,deer,0.9985546469688416
bird,bird,0.9999971389770508
airplane,airplane,0.9996737241744995
frog,frog,0.9999951124191284
ship,ship,0.9999996423721313
horse,cat,0.8930540680885315
frog,frog,0.9910150170326233
bird,bird,0.9908720850944519
bird,bird,0.9868264198303223
truck,truck,0.9998878240585327
ship,airplane,0.46318724751472473
bird,bird,0.6017584204673767
deer,airplane,0.6096214652061462
bird,airplane,0.8323059678077698
airplane,airplane,0.8174670934677124
dog,dog,0.995131254196167
ship,ship,0.9999992847442627
frog,frog,0.9999994039535522
ship,ship,0.9999982118606567
bird,bird,1.0
horse,horse,0.9999964237213135
horse,horse,0.999858021736145
cat,cat,0.33431917428970337
automobile,truck,0.8262044787406921
ship,ship,1.0
automobile,automobile,0.9999942779541016
frog,frog,0.9731273651123047
dog,dog,0.985136866569519
truck,truck,0.9999191761016846
horse,horse,0.9684703946113586
ship,airplane,0.5600942373275757
truck,truck,0.9999728202819824
frog,frog,0.9997710585594177
deer,dog,0.840057373046875
ship,ship,0.9999927282333374
automobile,automobile,0.9975689053535461
truck,truck,0.9999432563781738
deer,deer,0.9999984502792358
airplane,airplane,0.9995737671852112
deer,deer,0.9912543892860413
automobile,automobile,0.9999903440475464
deer,deer,0.9983021020889282
cat,cat,0.9713252782821655
frog,frog,0.9983439445495605
bird,bird,0.9999990463256836
bird,bird,0.9999891519546509
horse,automobile,0.29580530524253845
airplane,airplane,0.9996495246887207
airplane,airplane,0.6631513833999634
horse,horse,0.9999152421951294
airplane,airplane,0.999755322933197
horse,horse,0.9430027008056641
deer,deer,0.9824099540710449
cat,cat,0.9999881982803345
frog,frog,0.9809759855270386
horse,horse,0.9999535083770752
horse,horse,0.9962071180343628
deer,deer,0.9995162487030029
dog,dog,0.9994900226593018
deer,deer,0.9993035793304443
cat,cat,0.9732580184936523
dog,cat,0.9827613234519958
dog,dog,0.8837182521820068
deer,deer,0.998066246509552
horse,airplane,0.6121969819068909
automobile,automobile,0.9496772289276123
airplane,airplane,0.9966771602630615
horse,horse,0.9965830445289612
horse,horse,0.9928230047225952
automobile,automobile,0.9913868308067322
frog,frog,0.9875870943069458
dog,dog,0.8369494676589966
airplane,airplane,0.783885657787323
horse,horse,0.9999884366989136
horse,horse,0.9991925358772278
deer,deer,0.953410804271698
frog,frog,0.6163274049758911
automobile,automobile,0.9891884922981262
ship,ship,1.0
dog,dog,0.9999998807907104
truck,truck,0.999996542930603
cat,bird,0.859864354133606
dog,dog,0.9995412826538086
frog,frog,0.9996839761734009
bird,dog,0.7190004587173462
bird,bird,0.9999736547470093
horse,horse,0.9962211847305298
cat,dog,0.8607175946235657
dog,dog,0.9984446167945862
ship,ship,0.9999979734420776
automobile,automobile,0.9999997615814209
airplane,airplane,0.9584992527961731
frog,frog,0.9999936819076538
ship,ship,0.9999994039535522
horse,horse,0.9999943971633911
ship,ship,0.9995425939559937
ship,ship,0.9999876022338867
dog,dog,0.9995436072349548
horse,horse,0.9999996423721313
dog,dog,0.9964690208435059
deer,deer,0.7387278079986572
truck,truck,0.9999998807907104
horse,horse,0.9461246728897095
cat,cat,0.9381905794143677
cat,dog,0.45019617676734924
ship,ship,0.9999984502792358
ship,ship,0.9998993873596191
cat,cat,0.9929392337799072
truck,truck,0.9999735355377197
deer,deer,0.9997438788414001
horse,horse,0.9987525939941406
bird,bird,0.9991437196731567
airplane,airplane,0.9999258518218994
ship,ship,1.0
airplane,airplane,0.9980629086494446
horse,horse,0.9999996423721313
cat,cat,0.9998716115951538
cat,cat,0.9984468817710876
bird,bird,0.9951561689376831
dog,dog,0.9794629812240601
bird,bird,0.9997984766960144
deer,cat,0.5640224814414978
deer,dog,0.3490148186683655
airplane,airplane,0.9993630051612854
deer,deer,0.4092542827129364
ship,ship,0.9906153678894043
bird,bird,0.999559223651886
deer,deer,0.9999843835830688
airplane,airplane,0.998563826084137
frog,frog,0.9915910959243774
deer,deer,0.9222758412361145
dog,dog,0.7575282454490662
frog,frog,0.9741359353065491
airplane,airplane,0.9999592304229736
ship,ship,0.9998492002487183
ship,airplane,0.9744566082954407
airplane,airplane,0.9999912977218628
frog,frog,0.9978598952293396
automobile,automobile,0.9999963045120239
automobile,automobile,0.9999163150787354
frog,frog,0.9999960660934448
automobile,automobile,0.9998974800109863
deer,deer,0.9999972581863403
bird,bird,0.9984822869300842
automobile,automobile,0.9766190648078918
automobile,ship,0.9917801022529602
bird,airplane,0.9469031095504761
deer,cat,0.5353490114212036
deer,deer,0.9931210875511169
dog,dog,0.9242573976516724
dog,cat,0.3684132993221283
ship,ship,1.0
ship,ship,0.9993278980255127
dog,dog,0.9793933629989624
automobile,automobile,0.9999960660934448
ship,ship,0.9999983310699463
bird,bird,0.9999924898147583
cat,cat,0.8843908309936523
cat,cat,0.9996566772460938
truck,truck,0.9999438524246216
frog,frog,0.9999557733535767
frog,frog,0.9999990463256836
dog,dog,0.9561583995819092
airplane,airplane,0.9987026453018188
horse,horse,0.9999762773513794
cat,cat,0.9999772310256958
cat,cat,0.9999415874481201
bird,bird,0.9995561242103577
horse,horse,0.9731202721595764
deer,deer,0.9970625042915344
dog,dog,0.9999631643295288
frog,frog,0.9997051358222961
airplane,airplane,0.9811148047447205
bird,frog,0.9589875340461731
automobile,automobile,0.9992117881774902
ship,ship,0.9654324650764465
automobile,automobile,0.9614147543907166
airplane,airplane,0.9999958276748657
truck,truck,1.0
cat,dog,0.6109923720359802
automobile,automobile,0.9998466968536377
airplane,airplane,0.9999685287475586
dog,dog,0.989367663860321
deer,deer,0.999998927116394
bird,bird,0.9999839067459106
cat,cat,0.6476976871490479
cat,cat,0.9982175230979919
frog,frog,0.9999967813491821
horse,horse,0.9999924898147583
frog,frog,0.9999089241027832
airplane,airplane,0.9891286492347717
airplane,airplane,0.983817458152771
dog,dog,0.9993197917938232
horse,horse,0.9999997615814209
deer,deer,0.9965862035751343
horse,horse,0.999990701675415
horse,horse,0.9998894929885864
airplane,airplane,0.9999833106994629
frog,frog,0.9999984502792358
automobile,automobile,0.9999001026153564
cat,cat,0.9548887610435486
truck,truck,0.9999629259109497
airplane,airplane,0.9483713507652283
truck,truck,0.999636173248291
airplane,airplane,0.999970555305481
cat,cat,0.7380951642990112
ship,ship,0.9999228715896606
deer,deer,0.9997230172157288
ship,airplane,0.986436665058136
ship,ship,0.9999799728393555
deer,deer,0.9991682767868042
automobile,automobile,0.9999992847442627
airplane,airplane,0.9998440742492676
bird,bird,0.9991744160652161
bird,bird,0.9728095531463623
deer,deer,0.9999756813049316
automobile,automobile,0.9999781847000122
automobile,automobile,0.9915806651115417
bird,bird,0.9994338154792786
deer,deer,0.9841575026512146
cat,dog,0.8312385678291321
deer,deer,0.996105968952179
automobile,automobile,0.9999779462814331
deer,deer,0.9999994039535522
horse,horse,0.9994120597839355
automobile,automobile,0.9984750151634216
airplane,airplane,0.9999690055847168
airplane,airplane,0.9596560597419739
truck,truck,0.9999998807907104
airplane,airplane,0.9992532134056091
deer,deer,0.9803981184959412
bird,bird,0.5354698896408081
ship,ship,0.999998927116394
ship,ship,0.997710108757019
dog,dog,0.9989967942237854
dog,dog,0.9924484491348267
airplane,airplane,0.9937518239021301
deer,deer,0.9992830157279968
airplane,airplane,0.9950357675552368
ship,ship,0.9999669790267944
frog,frog,0.96668940782547
bird,bird,0.9999960660934448
dog,dog,0.9998836517333984
truck,truck,0.9997662901878357
bird,bird,1.0
truck,truck,0.9999469518661499
automobile,automobile,0.9999983310699463
automobile,automobile,0.9990144968032837
dog,dog,0.957207202911377
deer,deer,0.9999827146530151
horse,horse,0.9998393058776855
dog,dog,0.9994959831237793
ship,ship,0.9999929666519165
frog,frog,1.0
bird,frog,0.9038293957710266
automobile,automobile,0.9999902248382568
dog,dog,0.9995762705802917
dog,dog,0.9312428832054138
cat,cat,0.9883899688720703
deer,deer,0.9996216297149658
automobile,automobile,0.9941494464874268
ship,airplane,0.5831118226051331
truck,truck,0.9999995231628418
truck,truck,0.999966025352478
ship,ship,0.999998927116394
truck,truck,0.6353048086166382
ship,ship,0.9999982118606567
frog,frog,0.9999918937683105
ship,ship,0.9977065324783325
dog,dog,1.0
ship,ship,0.9999967813491821
truck,truck,0.9999996423721313
deer,deer,0.9938415288925171
frog,frog,0.9999645948410034
bird,bird,0.9999158382415771
frog,frog,0.9946529865264893
cat,cat,0.7211642861366272
horse,horse,0.9007749557495117
deer,deer,0.8850609660148621
airplane,airplane,0.9028353691101074
airplane,airplane,0.9999281167984009
automobile,automobile,0.9561154246330261
horse,horse,0.9724507331848145
dog,dog,0.7907834053039551
automobile,automobile,0.9999901056289673
dog,dog,0.9645311832427979
truck,automobile,0.5772774815559387
cat,cat,0.9962897300720215
automobile,automobile,1.0
frog,frog,0.9999881982803345
ship,airplane,0.7345230579376221
horse,horse,0.9792143106460571
cat,cat,0.9861206412315369
frog,frog,0.9998574256896973
truck,truck,0.9999997615814209
automobile,automobile,0.9992874264717102
bird,airplane,0.6582639813423157
airplane,airplane,0.9916502237319946
automobile,automobile,0.9997202754020691
horse,horse,0.9998780488967896
bird,bird,0.9999736547470093
frog,frog,0.9974579215049744
automobile,automobile,0.9999996423721313
truck,truck,0.9942726492881775
airplane,airplane,0.9989144802093506
airplane,airplane,0.9996558427810669
ship,ship,0.9999839067459106
truck,truck,0.9999994039535522
truck,truck,0.9995079040527344
bird,bird,0.9723837971687317
ship,ship,0.856736421585083
frog,frog,0.998391330242157
bird,bird,0.7205570936203003
dog,dog,0.9944254159927368
frog,frog,0.9624245762825012
airplane,airplane,0.999995231628418
cat,dog,0.7887064218521118
cat,cat,0.6914082169532776
airplane,airplane,0.9999630451202393
horse,cat,0.41795897483825684
deer,deer,0.9965483546257019
horse,horse,0.9996234178543091
dog,dog,0.993389368057251
airplane,airplane,0.9990330934524536
automobile,automobile,1.0
frog,airplane,0.9088646173477173
ship,ship,0.9999998807907104
ship,ship,0.9999680519104004
automobile,automobile,0.9999121427536011
bird,bird,0.9999849796295166
automobile,airplane,0.9699667692184448
dog,dog,0.9966805577278137
deer,deer,0.9992714524269104
dog,dog,0.9999973773956299
truck,truck,0.9999986886978149
frog,frog,0.9294942021369934
horse,horse,0.9999653100967407
automobile,automobile,0.9999994039535522
airplane,airplane,0.9999904632568359
frog,frog,0.9998304843902588
truck,truck,0.9999996423721313
bird,deer,0.9015357494354248
horse,horse,0.5393840074539185
horse,horse,0.9999984502792358
cat,cat,0.8517835736274719
truck,truck,0.9682780504226685
truck,truck,0.9999998807907104
automobile,automobile,0.9994200468063354
truck,truck,0.9999988079071045
horse,horse,0.9999681711196899
airplane,airplane,0.9993690848350525
automobile,automobile,0.9999997615814209
cat,cat,0.9999921321868896
dog,horse,0.44867992401123047
deer,deer,0.9896121621131897
frog,frog,0.9843781590461731
cat,cat,0.9901320934295654
ship,ship,0.995376467704773
ship,ship,0.9957776069641113
airplane,airplane,0.9939033389091492
deer,deer,0.999642014503479
ship,ship,0.9999902248382568
cat,cat,0.5193029642105103
frog,frog,0.9929819107055664
horse,horse,0.9998975992202759
airplane,airplane,0.843227207660675
airplane,airplane,0.9999954700469971
deer,deer,0.9989651441574097
dog,dog,0.995465874671936
bird,bird,0.999982476234436
frog,frog,0.9999934434890747
ship,ship,1.0
deer,deer,0.9997602105140686
truck,truck,1.0
truck,truck,0.9989547729492188
truck,truck,0.9999998807907104
bird,bird,0.49247533082962036
airplane,airplane,0.9953836798667908
deer,frog,0.6438082456588745
bird,bird,0.9999841451644897
ship,ship,0.9999984502792358
automobile,automobile,0.9999967813491821
automobile,automobile,1.0
airplane,airplane,0.9958618879318237
airplane,airplane,0.9994515776634216
cat,deer,0.8882042765617371
horse,horse,0.963711142539978
deer,deer,0.99814772605896
automobile,automobile,0.9986453652381897
automobile,automobile,1.0
truck,truck,0.9986501336097717
horse,horse,0.9847854375839233
horse,horse,0.999812662601471
deer,deer,0.9952990412712097
frog,frog,0.9995174407958984
ship,ship,0.9999988079071045
frog,frog,0.9998840093612671
airplane,airplane,0.9792793989181519
bird,bird,0.9601407051086426
ship,ship,0.9998677968978882
dog,dog,0.9999790191650391
cat,truck,0.5302253365516663
dog,dog,0.986549973487854
cat,cat,0.9802712798118591
dog,dog,0.9998482465744019
horse,horse,0.9999978542327881
truck,truck,0.9999315738677979
ship,ship,0.999955415725708
deer,deer,0.64872807264328
deer,deer,0.9999927282333374
cat,cat,0.9956133365631104
automobile,automobile,0.9999666213989258
deer,deer,0.9998679161071777
ship,ship,0.9967024922370911
cat,deer,0.4892908036708832
frog,frog,0.9999916553497314
dog,dog,0.9999793767929077
cat,cat,0.9999775886535645
airplane,airplane,0.8464317321777344
ship,automobile,0.982386589050293
truck,truck,0.8612260818481445
dog,dog,0.9625688791275024
horse,horse,0.9852405786514282
frog,frog,0.9999675750732422
bird,bird,0.9682559967041016
airplane,airplane,0.9999996423721313
deer,deer,0.9999490976333618
truck,truck,0.9997079968452454
truck,truck,0.999708354473114
airplane,airplane,1.0
dog,dog,0.9990949630737305
bird,bird,0.9999768733978271
cat,cat,0.9822506308555603
frog,frog,0.8995548486709595
automobile,automobile,0.9999773502349854
automobile,automobile,0.9998779296875
airplane,airplane,0.9999130964279175
bird,bird,0.9999990463256836
ship,ship,0.9971659779548645
bird,bird,0.9998316764831543
automobile,automobile,0.9993201494216919
automobile,automobile,0.999967098236084
horse,horse,0.994010329246521
dog,dog,0.9999994039535522
bird,bird,0.9998612403869629
cat,cat,0.9116243720054626
deer,deer,0.9961048364639282
automobile,automobile,0.9999921321868896
bird,bird,0.9995337724685669
truck,truck,0.9971518516540527
bird,bird,0.9999110698699951
automobile,automobile,0.999359667301178
cat,truck,0.9178804755210876
deer,deer,0.9812450408935547
ship,ship,0.9999583959579468
truck,truck,0.8226802945137024
airplane,airplane,0.6759458184242249
airplane,airplane,0.9970920085906982
deer,deer,0.8547276854515076
truck,truck,0.985365629196167
airplane,airplane,0.9999557733535767
bird,bird,0.9991970658302307
bird,bird,0.8180698156356812
airplane,airplane,0.9999371767044067
frog,frog,0.9999408721923828
ship,ship,0.9999942779541016
horse,horse,0.9999721050262451
cat,cat,0.8725863695144653
cat,cat,0.9894028902053833
ship,ship,1.0
truck,truck,0.9999942779541016
airplane,airplane,0.9999538660049438
bird,bird,0.9999998807907104
dog,dog,0.9784225821495056
cat,cat,0.9999481439590454
frog,frog,0.8153128027915955
automobile,automobile,0.999977707862854
cat,cat,0.9843250513076782
truck,ship,0.6916995048522949
dog,cat,0.6307440400123596
airplane,airplane,0.7356723546981812
dog,dog,0.9187384247779846
deer,deer,0.9981427192687988
deer,deer,0.999981164932251
airplane,airplane,0.9910745024681091
automobile,automobile,0.999747097492218
automobile,automobile,0.946731686592102
frog,frog,0.9298720359802246
automobile,automobile,0.9806618690490723
horse,horse,0.7689547538757324
truck,truck,0.9999657869338989
truck,truck,0.9997789263725281
frog,frog,0.9999927282333374
bird,bird,0.9999678134918213
deer,deer,0.9984462857246399
cat,horse,0.7948585152626038
ship,ship,0.6416557431221008
cat,cat,0.7540578246116638
deer,deer,0.9998791217803955
horse,horse,0.9992664456367493
airplane,airplane,0.5816269516944885
bird,dog,0.683258593082428
ship,ship,0.9997556805610657
deer,deer,0.9989010095596313
ship,airplane,0.46611669659614563
cat,dog,0.9714818596839905
ship,ship,1.0
ship,ship,0.9998464584350586
ship,ship,0.999962568283081
cat,cat,0.939120888710022
cat,cat,0.9098709225654602
dog,dog,0.9903666973114014
horse,horse,0.9999920129776001
horse,deer,0.35787883400917053
airplane,airplane,0.996070146560669
deer,deer,0.9965646862983704
automobile,automobile,1.0
dog,dog,0.9908148646354675
truck,truck,0.9999682903289795
horse,horse,0.9968633651733398
airplane,airplane,0.9976422190666199
frog,frog,1.0
ship,ship,0.9999039173126221
deer,deer,0.5500350594520569
truck,truck,1.0
airplane,airplane,0.9999698400497437
automobile,automobile,0.9999562501907349
ship,ship,0.9965067505836487
truck,truck,1.0
frog,frog,0.9985746145248413
cat,cat,0.9902455806732178
truck,truck,0.7407415509223938
bird,bird,0.999971866607666
deer,deer,0.8162780404090881
deer,deer,0.6890661120414734
airplane,airplane,0.9958570599555969
cat,dog,0.9958072900772095
cat,dog,0.804108738899231
dog,deer,0.9882093667984009
deer,deer,0.8741280436515808
dog,dog,0.9991055130958557
automobile,automobile,0.9999998807907104
automobile,automobile,0.9264560341835022
ship,ship,0.7880390286445618
bird,bird,0.9999983310699463
bird,bird,0.9999979734420776
truck,truck,0.999942421913147
cat,cat,0.9999992847442627
horse,horse,0.9997463822364807
ship,ship,0.9999997615814209
truck,truck,0.9999839067459106
bird,bird,0.7981964945793152
cat,cat,0.9086961150169373
automobile,automobile,0.9999991655349731
horse,horse,0.9998500347137451
cat,deer,0.88573157787323
bird,airplane,0.99964439868927
cat,bird,0.9081706404685974
airplane,airplane,0.9453856348991394
automobile,automobile,0.9999967813491821
truck,frog,0.5073695778846741
dog,dog,0.9874179363250732
dog,dog,0.8626043200492859
cat,cat,0.9988440275192261
deer,deer,0.7447512149810791
dog,cat,0.8438169360160828
bird,bird,0.7866789698600769
airplane,airplane,0.9960190653800964
airplane,airplane,0.999932050704956
cat,cat,0.5347623229026794
automobile,automobile,0.9998723268508911
cat,cat,0.9974242448806763
deer,deer,0.6601066589355469
horse,horse,0.9954941272735596
deer,deer,0.9984939098358154
bird,bird,0.9841150045394897
ship,ship,0.9990100860595703
deer,deer,0.7934876084327698
ship,ship,0.9999983310699463
truck,truck,0.9999998807907104
truck,truck,0.9999998807907104
deer,deer,0.9966193437576294
bird,bird,0.9618037343025208
deer,deer,0.9999756813049316
cat,dog,0.7681018710136414
frog,frog,0.9996461868286133
deer,deer,0.9974084496498108
frog,frog,0.955795168876648
deer,deer,0.9999678134918213
frog,frog,0.9991750121116638
frog,frog,0.9959043860435486
cat,cat,0.5416151285171509
ship,ship,0.9981061220169067
horse,horse,0.9944466352462769
deer,deer,0.9999991655349731
ship,ship,0.9740216135978699
airplane,airplane,0.9959039092063904
dog,dog,0.99986732006073
truck,truck,0.9996393918991089
cat,cat,0.9195612072944641
truck,bird,0.9612586498260498
airplane,airplane,0.9999997615814209
horse,horse,0.9994680285453796
dog,dog,0.999972939491272
automobile,automobile,0.9999990463256836
truck,truck,0.9678530693054199
horse,horse,0.9744287729263306
truck,truck,0.9999914169311523
automobile,automobile,0.9989458918571472
ship,ship,0.8215399980545044
deer,deer,0.9876224398612976
bird,bird,0.9999969005584717
automobile,automobile,0.9999978542327881
frog,frog,0.9999914169311523
deer,deer,0.9878401160240173
cat,frog,0.7640587091445923
airplane,airplane,0.9969286322593689
automobile,automobile,0.9966856837272644
deer,deer,0.9773291945457458
ship,ship,0.9987885355949402
frog,frog,0.99980229139328
automobile,automobile,0.9999910593032837
horse,horse,0.9886273741722107
automobile,automobile,0.9999730587005615
cat,deer,0.8953070640563965
dog,dog,0.8574324250221252
deer,deer,0.9965683221817017
cat,dog,0.6129494309425354
cat,cat,0.9696429371833801
truck,truck,0.9993757605552673
horse,horse,0.9402222037315369
ship,ship,0.9910621643066406
bird,bird,0.9975119829177856
dog,dog,0.9962367415428162
dog,dog,0.9952644109725952
deer,deer,0.9809482097625732
dog,dog,0.7834039926528931
deer,deer,0.9657792448997498
dog,dog,0.9679176211357117
horse,horse,0.9935938715934753
bird,deer,0.5977035164833069
dog,dog,0.9999655485153198
dog,cat,0.8152637481689453
automobile,automobile,0.9999992847442627
horse,horse,0.9230726957321167
horse,horse,0.9999432563781738
ship,ship,0.999997615814209
cat,cat,0.7630692720413208
frog,frog,0.999994158744812
airplane,truck,0.5730581283569336
bird,bird,0.9999998807907104
dog,dog,0.9987832903862
bird,deer,0.8984692096710205
cat,cat,0.9341447949409485
horse,horse,0.9999414682388306
deer,deer,0.9735231995582581
bird,cat,0.5421796441078186
automobile,automobile,0.999997615814209
frog,frog,0.9927703738212585
ship,ship,0.8655923008918762
frog,frog,0.9850843548774719
ship,ship,0.9971303343772888
cat,cat,0.9721264243125916
bird,bird,0.9999758005142212
horse,horse,0.9295305609703064
horse,horse,0.992408275604248
truck,truck,0.9998726844787598
horse,horse,0.9999927282333374
automobile,automobile,0.9999877214431763
deer,deer,0.9973493814468384
horse,horse,0.9940431714057922
deer,cat,0.8800198435783386
frog,frog,0.9999949932098389
automobile,automobile,1.0
horse,horse,0.9987928867340088
cat,cat,0.9816921949386597
airplane,airplane,0.9999527931213379
airplane,airplane,0.9491623640060425
frog,frog,0.7769202589988708
frog,frog,0.9840743541717529
ship,ship,0.9999761581420898
frog,frog,0.9999998807907104
frog,frog,0.9997846484184265
airplane,airplane,0.9995899796485901
cat,cat,0.9997720122337341
deer,deer,0.9971941709518433
horse,horse,0.9961431622505188
deer,deer,0.9589821100234985
truck,truck,0.9981447458267212
deer,deer,0.9594129323959351
truck,truck,0.9999988079071045
truck,truck,0.9973806738853455
cat,dog,0.7838270664215088
deer,deer,0.9999935626983643
automobile,automobile,0.9999915361404419
deer,deer,0.947745144367218
airplane,ship,0.8972914218902588
cat,cat,0.8429819941520691
horse,horse,0.9884244203567505
automobile,automobile,0.9999963045120239
bird,bird,0.9998397827148438
bird,bird,0.9998315572738647
ship,ship,0.9999501705169678
deer,deer,0.9999948740005493
horse,horse,0.9842349886894226
ship,ship,0.9999840259552002
dog,dog,0.9509896039962769
dog,dog,0.693884015083313
frog,frog,0.9999202489852905
dog,dog,0.9990037083625793
frog,frog,0.9984056353569031
airplane,airplane,0.9992917776107788
frog,frog,0.9999275207519531
deer,deer,0.9998570680618286
truck,truck,1.0
cat,deer,0.7492112517356873
bird,bird,0.9999961853027344
horse,horse,0.8289197087287903
cat,cat,0.9965816140174866
ship,ship,0.9969114661216736
cat,cat,0.9942100048065186
truck,truck,0.9999994039535522
deer,deer,0.9999418258666992
automobile,automobile,0.999929666519165
frog,frog,1.0
truck,truck,0.9999409914016724
truck,truck,0.998897910118103
deer,deer,0.9557511806488037
cat,cat,0.7754771113395691
truck,truck,1.0
ship,ship,0.994941771030426
automobile,automobile,0.9970640540122986
frog,frog,0.9986817240715027
truck,truck,0.9999984502792358
dog,dog,0.9999210834503174
truck,truck,0.9370121955871582
airplane,airplane,0.9907724857330322
truck,truck,0.9999992847442627
horse,horse,0.9999828338623047
bird,bird,0.7905595302581787
bird,bird,0.9045113921165466
deer,deer,0.9997937083244324
bird,cat,0.4844759404659271
frog,frog,0.9657192230224609
deer,deer,0.9999383687973022
ship,ship,0.9986245632171631
automobile,automobile,0.9998880624771118
truck,truck,0.9999986886978149
dog,dog,0.9416030645370483
frog,frog,0.9124666452407837
dog,cat,0.9000912308692932
automobile,automobile,0.9999929666519165
ship,ship,0.9999992847442627
frog,frog,0.9757802486419678
frog,airplane,0.9974997639656067
horse,horse,0.9999254941940308
frog,frog,0.9999998807907104
dog,dog,0.9995465874671936
airplane,airplane,0.5456111431121826
bird,cat,0.7455781698226929
horse,airplane,0.9787641763687134
frog,frog,0.9999219179153442
automobile,automobile,0.9999951124191284
bird,bird,0.6025603413581848
cat,ship,0.4442138075828552
automobile,automobile,0.9999873638153076
frog,frog,0.9959892630577087
deer,deer,0.9969774484634399
truck,truck,0.999992847442627
airplane,airplane,0.9993027448654175
cat,airplane,0.5301409959793091
truck,truck,0.9999998807907104
automobile,automobile,0.984633207321167
airplane,airplane,0.9999994039535522
dog,dog,0.9999959468841553
cat,cat,0.993277370929718
automobile,automobile,0.9992780089378357
frog,frog,0.999687910079956
truck,truck,0.9999959468841553
ship,ship,0.9998492002487183
truck,truck,0.9923242330551147
airplane,airplane,0.993544340133667
frog,frog,0.9989526271820068
automobile,automobile,0.9999997615814209
frog,frog,0.9998657703399658
bird,cat,0.8137090802192688
cat,cat,0.6012793183326721
dog,dog,0.9990149736404419
frog,frog,0.9999973773956299
truck,truck,0.9915183186531067
airplane,airplane,0.9549646377563477
horse,horse,0.9989425539970398
bird,bird,0.9999922513961792
deer,deer,0.9782094955444336
airplane,ship,0.9999088048934937
cat,cat,0.9999992847442627
frog,frog,0.9935686588287354
ship,ship,1.0
frog,frog,0.9979107975959778
truck,truck,0.9960202574729919
automobile,automobile,0.9991981387138367
truck,truck,0.9915311336517334
airplane,airplane,0.9980354905128479
frog,frog,0.9999477863311768
deer,frog,0.371518075466156
dog,cat,0.5901117324829102
truck,truck,0.9999266862869263
dog,dog,0.9999890327453613
deer,deer,0.9966338276863098
automobile,automobile,0.9994593262672424
truck,truck,0.9999990463256836
bird,bird,0.9925133585929871
airplane,airplane,0.999976396560669
horse,horse,0.9999943971633911
cat,cat,0.9900701642036438
dog,dog,0.9947301149368286
automobile,automobile,0.9780734181404114
ship,ship,0.9999998807907104
cat,cat,0.6829703450202942
airplane,airplane,1.0
dog,dog,0.9944031238555908
bird,bird,0.9999635219573975
ship,ship,0.9674897193908691
ship,ship,0.9999678134918213
cat,cat,0.9538130164146423
truck,truck,0.9847952723503113
frog,frog,0.8668676614761353
airplane,airplane,1.0
cat,cat,0.9025878310203552
dog,dog,0.9910378456115723
cat,cat,0.999263346195221
deer,cat,0.49659672379493713
automobile,automobile,0.9995237588882446
dog,dog,0.9991036057472229
airplane,airplane,0.9999988079071045
horse,horse,0.9997857213020325
cat,cat,0.9522525668144226
truck,truck,0.9999997615814209
deer,deer,0.9678505063056946
dog,dog,0.9216917753219604
cat,dog,0.537737250328064
automobile,automobile,0.9949337840080261
deer,deer,0.9822617769241333
bird,bird,0.9994993209838867
deer,deer,0.9883175492286682
truck,truck,1.0
truck,truck,0.9986717700958252
horse,horse,0.9998698234558105
automobile,automobile,0.9999837875366211
horse,horse,0.9998996257781982
airplane,airplane,0.999997615814209
automobile,automobile,1.0
bird,bird,0.9999810457229614
automobile,automobile,0.6704410910606384
dog,dog,0.9999350309371948
cat,cat,0.988431990146637
ship,ship,0.9999520778656006
deer,deer,0.9948215484619141
automobile,automobile,0.9999288320541382
dog,frog,0.4902261793613434
automobile,automobile,0.6150161623954773
truck,truck,1.0
truck,truck,0.9987747073173523
horse,horse,0.999995231628418
airplane,airplane,0.9942693710327148
automobile,automobile,0.9999370574951172
horse,horse,0.99982088804245
frog,frog,0.9999998807907104
bird,bird,0.9999463558197021
frog,frog,0.9943715333938599
dog,dog,0.9983435869216919
airplane,airplane,0.721153974533081
cat,bird,0.65245521068573
automobile,automobile,0.9995287656784058
cat,cat,0.8805788159370422
ship,ship,0.8892653584480286
truck,truck,0.9998266100883484
truck,truck,0.9530534744262695
airplane,airplane,0.9269689321517944
ship,ship,0.9973938465118408
ship,ship,0.9965839385986328
horse,horse,0.7175500392913818
truck,truck,0.9999901056289673
bird,bird,0.9797476530075073
truck,truck,0.9999843835830688
automobile,automobile,0.9999932050704956
cat,cat,0.8854515552520752
frog,frog,0.9999958276748657
horse,horse,0.9999963045120239
frog,frog,0.9996702671051025
airplane,horse,0.7545559406280518
ship,ship,0.9999157190322876
frog,frog,0.9945492148399353
bird,bird,0.9893075823783875
deer,dog,0.5202374458312988
bird,bird,0.9877849817276001
cat,cat,0.9999978542327881
dog,dog,0.9956340193748474
dog,dog,0.9524580836296082
deer,deer,0.9995381832122803
automobile,automobile,0.9999834299087524
frog,frog,1.0
horse,deer,0.8006541728973389
automobile,automobile,0.9903444647789001
frog,frog,0.8970420360565186
automobile,automobile,0.9999942779541016
horse,horse,0.9998007416725159
automobile,automobile,0.8869670629501343
frog,frog,0.999998927116394
bird,bird,0.9999245405197144
cat,cat,0.9510947465896606
airplane,airplane,0.9864425659179688
deer,deer,0.9939332604408264
bird,bird,0.9072561860084534
truck,truck,0.9974629878997803
horse,horse,0.9999943971633911
dog,cat,0.9303962588310242
dog,dog,0.9561869502067566
frog,frog,0.9999977350234985
airplane,deer,0.776564359664917
ship,truck,0.9805167317390442
ship,ship,0.9999994039535522
automobile,automobile,0.9999997615814209
automobile,automobile,0.9999953508377075
cat,cat,0.9995611310005188
dog,dog,0.9986282587051392
frog,frog,0.9991355538368225
dog,dog,0.9978039860725403
cat,cat,0.9993433356285095
ship,ship,0.9999986886978149
horse,horse,0.9999649524688721
dog,dog,0.9932693839073181
airplane,airplane,0.978215754032135
horse,horse,0.9995195865631104
horse,horse,0.8688943982124329
dog,dog,0.9976580142974854
horse,horse,0.9748674035072327
automobile,automobile,0.9999476671218872
truck,truck,0.999875545501709
truck,truck,0.999697208404541
automobile,automobile,0.9407973289489746
truck,automobile,0.7590228319168091
truck,truck,0.9987253546714783
cat,cat,0.7563084363937378
dog,dog,0.9999998807907104
dog,dog,0.946484386920929
cat,cat,0.9913109540939331
airplane,airplane,0.9994856119155884
cat,cat,0.9883512854576111
airplane,airplane,0.9972453117370605
frog,frog,0.9999986886978149
frog,frog,0.9972482323646545
dog,frog,0.3258747160434723
frog,frog,0.9793716669082642
ship,ship,1.0
truck,truck,0.8133984208106995
deer,deer,0.7381777167320251
dog,dog,0.9999914169311523
automobile,automobile,0.9999980926513672
automobile,automobile,0.9999854564666748
bird,bird,0.9999955892562866
horse,horse,0.9617276787757874
truck,truck,0.9997754693031311
airplane,airplane,0.9999997615814209
automobile,automobile,0.9998339414596558
bird,bird,0.9893202781677246
dog,dog,0.8692569732666016
deer,deer,0.9977750182151794
deer,deer,0.9988834261894226
horse,horse,0.8199313879013062
deer,deer,0.9996397495269775
ship,ship,0.9998892545700073
cat,cat,0.9802188277244568
cat,cat,0.6253001689910889
dog,deer,0.9624636769294739
cat,deer,0.8684514760971069
dog,dog,0.9997300505638123
horse,horse,0.6843681931495667
airplane,airplane,0.9966471791267395
automobile,automobile,0.9999773502349854
bird,bird,0.626697301864624
truck,truck,0.9999995231628418
ship,ship,0.9909766912460327
automobile,automobile,0.9896396398544312
horse,horse,0.985590398311615
cat,cat,0.5799893140792847
dog,dog,0.9996545314788818
truck,truck,0.9999796152114868
automobile,automobile,0.9999779462814331
truck,truck,0.9999982118606567
automobile,automobile,0.9998482465744019
automobile,automobile,0.9996578693389893
cat,cat,0.7802695631980896
frog,frog,0.9154592156410217
horse,dog,0.4399138391017914
deer,deer,0.8379077911376953
ship,ship,0.9428655505180359
cat,cat,0.9999611377716064
dog,dog,0.7848219871520996
frog,frog,1.0
horse,dog,0.9834287762641907
airplane,airplane,0.998506486415863
automobile,automobile,0.9999994039535522
horse,cat,0.38357606530189514
horse,horse,0.9999998807907104
bird,bird,0.9880505204200745
cat,dog,0.5431536436080933
cat,cat,0.998988926410675
dog,dog,0.9370735883712769
automobile,automobile,0.7133231163024902
horse,horse,0.9999494552612305
frog,frog,0.9999066591262817
ship,ship,1.0
deer,deer,0.8770293593406677
deer,deer,0.9991181492805481
dog,dog,0.9999022483825684
horse,frog,0.6465229988098145
cat,cat,0.9939066767692566
deer,deer,0.8199672698974609
horse,horse,0.5015665292739868
horse,horse,0.9991440773010254
cat,deer,0.6524053812026978
frog,frog,0.99937903881073
airplane,airplane,0.9909844398498535
horse,horse,0.9992218017578125
bird,bird,0.9994853734970093
frog,frog,0.9983722567558289
horse,horse,0.9991300702095032
deer,deer,0.7522141337394714
automobile,automobile,0.9999823570251465
ship,ship,1.0
airplane,airplane,0.9961744546890259
bird,bird,0.9999336004257202
bird,bird,0.9339706897735596
automobile,automobile,0.9997884631156921
dog,dog,0.9999841451644897
deer,deer,0.8253394365310669
airplane,airplane,0.9999974966049194
truck,truck,0.9999557733535767
cat,cat,0.9999529123306274
deer,deer,0.698746383190155
deer,deer,0.8546035289764404
bird,bird,0.9999921321868896
cat,cat,0.9997380375862122
ship,ship,0.8626135587692261
dog,dog,0.9987009763717651
airplane,airplane,0.9905699491500854
airplane,airplane,0.9999923706054688
deer,deer,0.9351879954338074
frog,frog,0.9998693466186523
cat,cat,0.992336094379425
truck,truck,0.9999562501907349
bird,bird,0.9999295473098755
airplane,airplane,0.9891135692596436
dog,dog,0.9972948431968689
horse,horse,0.9998692274093628
dog,cat,0.6367726922035217
dog,dog,0.9944754242897034
automobile,automobile,0.7137424945831299
horse,horse,0.9999740123748779
cat,cat,0.7847248315811157
automobile,automobile,0.99982750415802
frog,frog,0.999997615814209
horse,horse,0.4815214276313782
truck,truck,1.0
airplane,airplane,0.9998691082000732
automobile,truck,0.5807680487632751
bird,bird,0.9999101161956787
automobile,automobile,0.9999781847000122
deer,deer,0.9997579455375671
frog,frog,0.992825984954834
automobile,automobile,0.9999407529830933
dog,dog,0.9985652565956116
truck,truck,0.9999319314956665
dog,dog,0.9000136852264404
airplane,airplane,0.9997573494911194
deer,deer,0.950765073299408
truck,truck,0.7818599939346313
deer,deer,0.5891867876052856
truck,truck,0.9989514350891113
horse,horse,0.968616247177124
automobile,automobile,0.9915187954902649
frog,deer,0.5525791049003601
ship,ship,0.9999992847442627
airplane,airplane,0.4741263687610626
frog,frog,0.6691428422927856
dog,dog,0.9999992847442627
airplane,airplane,0.5671271681785583
ship,ship,1.0
automobile,automobile,0.9999003410339355
horse,horse,0.9995423555374146
dog,dog,0.9999923706054688
frog,frog,0.9999947547912598
truck,truck,0.9999992847442627
cat,cat,0.837822675704956
bird,bird,0.9940925240516663
cat,cat,0.9426694512367249
truck,truck,0.999998927116394
ship,ship,0.8986636996269226
frog,frog,0.9997391104698181
automobile,automobile,0.9995729327201843
airplane,airplane,0.9999969005584717
truck,truck,0.9999946355819702
airplane,airplane,0.9993281364440918
truck,truck,0.9999896287918091
ship,ship,0.9999996423721313
horse,horse,0.7324091196060181
horse,horse,0.9999997615814209
dog,dog,0.948837399482727
bird,bird,0.9993057250976562
cat,cat,0.9993650317192078
dog,dog,0.986091673374176
dog,dog,0.970241129398346
horse,horse,0.981788158416748
ship,ship,0.6462476849555969
horse,horse,0.999614953994751
frog,frog,0.9855351448059082
truck,truck,0.999516487121582
automobile,automobile,0.960832953453064
truck,truck,0.9993327260017395
ship,ship,0.9999372959136963
frog,frog,0.9992563128471375
dog,dog,0.9484779238700867
frog,deer,0.9724572896957397
horse,horse,0.9999136924743652
dog,dog,0.9968934059143066
frog,frog,0.9976907968521118
horse,horse,0.9997915625572205
bird,bird,0.9928268194198608
dog,airplane,0.510147213935852
truck,truck,0.9999996423721313
frog,frog,0.999803364276886
frog,frog,0.9996392726898193
horse,horse,0.9944462776184082
airplane,airplane,0.9994921684265137
automobile,automobile,0.999992847442627
airplane,airplane,0.9991784691810608
automobile,automobile,0.9999864101409912
cat,cat,0.9899353384971619
bird,bird,0.7104026079177856
dog,dog,0.9837408661842346
frog,frog,0.9997053742408752
automobile,automobile,0.8616215586662292
bird,bird,0.9999997615814209
dog,dog,0.9627900719642639
automobile,automobile,0.9999725818634033
truck,truck,1.0
truck,truck,0.9999998807907104
ship,ship,0.999337375164032
frog,frog,0.9995250701904297
ship,ship,0.9966887831687927
frog,frog,0.8553341031074524
ship,ship,0.9999514818191528
truck,truck,1.0
airplane,airplane,0.9999914169311523
deer,deer,0.9936825037002563
airplane,airplane,0.974328875541687
cat,cat,0.9825575947761536
cat,dog,0.5601218342781067
frog,frog,0.9999994039535522
deer,deer,0.999576985836029
truck,cat,0.7477343678474426
truck,truck,1.0
horse,horse,0.9674931764602661
bird,bird,0.9688138961791992
cat,cat,0.9925104379653931
dog,dog,0.9835606813430786
frog,frog,0.9999974966049194
deer,deer,0.9754383563995361
frog,frog,0.9583961963653564
airplane,airplane,0.9999804496765137
cat,cat,0.9980271458625793
horse,dog,0.7255565524101257
dog,dog,0.6529251337051392
airplane,airplane,0.9996311664581299
bird,bird,0.990017831325531
truck,truck,0.972296416759491
bird,bird,0.9997597336769104
horse,horse,0.9980136156082153
bird,bird,0.9999983310699463
truck,truck,0.9999598264694214
bird,bird,0.9999992847442627
deer,deer,0.9549247622489929
airplane,airplane,0.9976909160614014
frog,frog,0.9999852180480957
frog,frog,0.998734176158905
cat,cat,0.9739907383918762
deer,cat,0.8284463286399841
dog,dog,0.9999082088470459
dog,dog,0.9500479698181152
truck,truck,0.9309568405151367
automobile,automobile,1.0
automobile,truck,0.7001720666885376
deer,deer,0.9783772826194763
deer,frog,0.9807296395301819
cat,cat,0.9421424269676208
dog,dog,0.9992073178291321
deer,deer,0.992027223110199
ship,ship,0.9999960660934448
airplane,airplane,0.9825016856193542
airplane,airplane,0.9998319149017334
cat,cat,0.7035220265388489
truck,truck,0.9969311952590942
deer,deer,0.7840991020202637
horse,horse,0.9642617702484131
deer,deer,0.8733699917793274
bird,bird,0.9999935626983643
ship,ship,0.9999910593032837
cat,cat,0.9663017988204956
frog,frog,0.999937891960144
cat,dog,0.5832943320274353
automobile,automobile,0.9970722198486328
truck,truck,1.0
frog,frog,0.9554364681243896
cat,cat,0.9981178045272827
ship,ship,0.9970533847808838
cat,cat,0.9036921262741089
ship,airplane,0.5132448673248291
deer,deer,0.9996089339256287
horse,horse,0.999721348285675
dog,dog,0.9941545128822327
horse,deer,0.9304120540618896
dog,dog,0.999962329864502
cat,cat,0.5156897902488708
automobile,automobile,0.9276424050331116
bird,bird,0.9997710585594177
frog,frog,0.9999178647994995
automobile,automobile,0.9999959468841553
cat,dog,0.8021082878112793
bird,bird,0.9996030926704407
airplane,airplane,0.9997958540916443
horse,horse,0.9836977124214172
dog,dog,1.0
airplane,airplane,0.9999966621398926
airplane,airplane,0.995029866695404
airplane,airplane,0.999976634979248
automobile,automobile,0.9997329115867615
deer,frog,0.9168155193328857
cat,cat,0.9710065126419067
dog,cat,0.6636653542518616
ship,ship,0.9976738095283508
deer,deer,0.9998260140419006
cat,cat,0.7049625515937805
automobile,automobile,0.4664294123649597
horse,horse,0.9901238083839417
automobile,automobile,0.79686439037323
airplane,airplane,0.9989535808563232
deer,deer,0.7419731616973877
bird,airplane,0.9742602705955505
deer,deer,0.989331841468811
automobile,automobile,0.8477370142936707
deer,deer,0.9830780625343323
airplane,airplane,0.9999921321868896
automobile,automobile,0.9999723434448242
bird,bird,0.9999227523803711
automobile,automobile,0.9999958276748657
horse,horse,0.9999598264694214
horse,horse,0.8597431778907776
truck,truck,0.9999995231628418
ship,ship,0.9997122883796692
horse,horse,0.9939104318618774
dog,dog,0.9645072817802429
deer,deer,0.9087657928466797
airplane,airplane,0.9999887943267822
truck,truck,0.9999096393585205
airplane,airplane,0.9999996423721313
airplane,airplane,0.983086109161377
ship,ship,0.9998522996902466
bird,bird,0.5013682842254639
airplane,airplane,0.9999996423721313
airplane,airplane,0.9979648590087891
bird,bird,0.9375956058502197
deer,deer,0.9999138116836548
ship,ship,1.0
frog,frog,0.9999998807907104
bird,bird,0.9354391694068909
deer,deer,0.8851459622383118
frog,frog,0.9980382323265076
cat,cat,0.9983874559402466
dog,dog,0.9216631054878235
automobile,automobile,0.9969944953918457
dog,dog,0.9623517990112305
cat,cat,0.9892298579216003
horse,horse,0.9937021732330322
bird,bird,0.9280001521110535
bird,bird,0.9655035734176636
truck,truck,0.9999897480010986
ship,ship,0.8146305680274963
airplane,airplane,0.9507778286933899
airplane,airplane,0.8298187851905823
airplane,deer,0.33804357051849365
cat,cat,0.9948680400848389
deer,deer,0.9999743700027466
deer,deer,0.9502191543579102
frog,frog,0.9999995231628418
automobile,automobile,0.9968193769454956
frog,frog,0.9513953924179077
horse,horse,0.9981451034545898
deer,deer,0.9965433478355408
deer,deer,0.967144250869751
cat,bird,0.5357270240783691
truck,truck,0.9999986886978149
deer,deer,0.7707970142364502
airplane,airplane,0.9918745160102844
ship,ship,0.9999979734420776
airplane,airplane,0.9668455123901367
deer,deer,0.9999793767929077
frog,frog,0.9970967769622803
dog,dog,0.9989677667617798
horse,horse,0.999972939491272
truck,truck,0.999985933303833
horse,horse,0.997259259223938
airplane,airplane,0.9996318817138672
dog,dog,0.999955415725708
horse,horse,0.999901533126831
horse,horse,0.9999395608901978
cat,cat,0.9990724325180054
automobile,automobile,0.9987176656723022
truck,truck,0.9999996423721313
cat,cat,0.9999525547027588
airplane,airplane,0.8471750020980835
truck,truck,0.9982348680496216
dog,dog,0.9999991655349731
cat,cat,0.99720299243927
horse,horse,0.9990131855010986
truck,truck,0.999991774559021
deer,deer,0.9344502091407776
deer,deer,0.9990344047546387
automobile,automobile,0.9999399185180664
horse,horse,0.9999635219573975
horse,horse,0.945236086845398
automobile,automobile,0.9882062077522278
deer,deer,0.9995051622390747
automobile,automobile,0.9999996423721313
bird,bird,0.5540100336074829
ship,ship,0.999987006187439
horse,horse,0.9998321533203125
airplane,airplane,0.811828076839447
airplane,airplane,0.9999738931655884
deer,deer,0.9991894364356995
horse,horse,0.5736340284347534
bird,bird,0.9993314743041992
truck,truck,0.9999974966049194
horse,horse,0.9920040965080261
frog,deer,0.5656072497367859
truck,truck,0.9999310970306396
cat,cat,0.9998406171798706
dog,dog,0.9891071915626526
ship,ship,0.9963043928146362
airplane,airplane,0.9998070597648621
cat,bird,0.7405434846878052
frog,frog,0.999994158744812
ship,ship,0.8964136838912964
cat,cat,0.7123976945877075
bird,bird,0.9892780780792236
deer,deer,0.9876954555511475
horse,horse,0.9943118095397949
automobile,automobile,0.9999855756759644
automobile,automobile,0.9998111128807068
cat,cat,0.9998900890350342
truck,truck,0.9716946482658386
horse,horse,0.9998408555984497
dog,dog,0.8701344132423401
automobile,automobile,0.9999933242797852
airplane,ship,0.5472865104675293
ship,ship,0.9999982118606567
horse,horse,0.9996589422225952
airplane,airplane,0.9924383759498596
automobile,automobile,0.9969327449798584
frog,frog,0.9983682036399841
truck,truck,0.9998818635940552
cat,cat,0.9991540908813477
bird,bird,0.9939919114112854
horse,horse,0.9997832179069519
horse,horse,0.999923586845398
ship,ship,0.9481860995292664
automobile,automobile,0.9732806086540222
airplane,airplane,0.7986627221107483
cat,cat,0.9999990463256836
deer,deer,0.4098860025405884
frog,frog,0.9268528819084167
horse,horse,0.998977780342102
dog,dog,0.3669556975364685
bird,bird,1.0
airplane,airplane,0.9988841414451599
automobile,automobile,0.9998905658721924
dog,dog,0.9836591482162476
dog,dog,0.6577394008636475
automobile,automobile,0.9999886751174927
deer,deer,0.9999904632568359
automobile,automobile,0.9999579191207886
cat,cat,0.9999024868011475
airplane,airplane,0.9997327923774719
ship,ship,0.9998534917831421
frog,frog,0.9999935626983643
bird,bird,0.40654125809669495
automobile,automobile,0.989591658115387
cat,deer,0.7573392391204834
frog,frog,0.8147925734519958
deer,deer,0.9974103569984436
automobile,automobile,0.9999730587005615
truck,truck,0.9998867511749268
airplane,airplane,0.9990008473396301
deer,deer,0.859465479850769
automobile,automobile,0.9999996423721313
airplane,airplane,0.9999865293502808
automobile,automobile,0.997071385383606
truck,truck,0.9999995231628418
ship,ship,0.8826704621315002
frog,frog,0.9981909394264221
truck,truck,0.9997878670692444
bird,bird,0.9845075607299805
deer,deer,0.9977892637252808
horse,horse,0.999845027923584
bird,bird,0.7450019717216492
bird,bird,0.9797805547714233
horse,horse,0.9927998781204224
deer,deer,0.9988683462142944
truck,truck,0.9991670846939087
automobile,automobile,0.9996962547302246
cat,frog,0.6644570827484131
bird,bird,0.9889604449272156
frog,frog,0.9999960660934448
cat,cat,0.5825756192207336
deer,deer,0.9986328482627869
deer,deer,0.9999617338180542
truck,automobile,0.9136481285095215
deer,cat,0.8996785283088684
ship,ship,0.9999940395355225
bird,bird,0.9993038177490234
frog,frog,0.9999998807907104
frog,frog,0.9977678060531616
automobile,automobile,0.9999997615814209
frog,frog,0.9999994039535522
cat,dog,0.6519741415977478
frog,frog,0.997856080532074
dog,cat,0.9995457530021667
ship,ship,1.0
deer,deer,0.9539474248886108
frog,frog,1.0
horse,deer,0.5621334314346313
automobile,automobile,0.9999978542327881
truck,truck,0.9900132417678833
cat,dog,0.6699825525283813
frog,frog,0.9999995231628418
horse,horse,0.572890043258667
frog,frog,0.9999991655349731
airplane,airplane,0.995858371257782
horse,horse,0.9947502017021179
automobile,automobile,0.9996559619903564
truck,truck,0.9993057250976562
dog,dog,0.7775978446006775
bird,bird,0.9971975088119507
frog,frog,0.9481661319732666
horse,horse,0.9999414682388306
horse,horse,0.9551486968994141
frog,frog,0.9998114705085754
dog,dog,0.9999982118606567
truck,truck,0.9999995231628418
automobile,automobile,0.9997814297676086
dog,cat,0.6798811554908752
frog,frog,1.0
airplane,airplane,0.9999241828918457
bird,bird,0.9997460246086121
airplane,airplane,0.9663636684417725
truck,truck,0.6472325921058655
automobile,automobile,0.9990948438644409
ship,ship,1.0
cat,frog,0.9666611552238464
dog,dog,0.9999619722366333
airplane,airplane,0.9980383515357971
airplane,airplane,0.998503565788269
airplane,airplane,0.999971866607666
dog,dog,0.9877581000328064
horse,horse,0.9461002349853516
horse,horse,0.9997528195381165
ship,ship,0.9799602627754211
dog,airplane,0.4175894260406494
dog,cat,0.9054485559463501
dog,dog,0.9070549011230469
automobile,automobile,0.9999998807907104
frog,frog,0.9999986886978149
automobile,automobile,0.882661759853363
dog,dog,0.9999984502792358
automobile,automobile,0.9991301894187927
airplane,airplane,0.9999985694885254
frog,frog,0.9998268485069275
bird,bird,0.9998102784156799
cat,cat,0.9999978542327881
bird,bird,0.9945966005325317
automobile,automobile,0.9999799728393555
horse,horse,0.9997455477714539
dog,dog,0.9694859385490417
automobile,automobile,0.9998704195022583
truck,truck,1.0
ship,ship,0.9873026609420776
cat,cat,0.9842039942741394
frog,cat,0.6364889144897461
truck,truck,0.9998341798782349
horse,horse,0.9998480081558228
cat,dog,0.8826749324798584
airplane,airplane,0.9999798536300659
bird,bird,0.9987512826919556
cat,dog,0.7421265244483948
truck,truck,1.0
deer,deer,0.9999709129333496
deer,frog,0.4105197787284851
cat,cat,0.9217996001243591
truck,truck,0.9999992847442627
frog,frog,0.9893269538879395
ship,ship,0.9997426867485046
frog,frog,0.9999977350234985
frog,frog,0.9999921321868896
ship,ship,0.99998939037323
dog,dog,0.9729862809181213
deer,deer,0.9999954700469971
cat,cat,0.7746407389640808
frog,frog,0.9861108064651489
horse,horse,0.9916024804115295
horse,frog,0.6183710098266602
deer,deer,0.99954754114151
cat,frog,0.789677619934082
truck,truck,0.9999812841415405
frog,frog,0.9999964237213135
bird,bird,0.9999994039535522
deer,deer,0.9999966621398926
airplane,airplane,0.9687107801437378
automobile,automobile,0.9997735619544983
cat,cat,0.9990836381912231
frog,frog,0.9942276477813721
deer,dog,0.5119342803955078
truck,truck,0.9999977350234985
bird,bird,0.9999939203262329
frog,frog,0.9999998807907104
airplane,airplane,0.9999641180038452
cat,cat,0.4362768232822418
ship,ship,0.9999984502792358
horse,horse,0.999996542930603
dog,dog,0.9999964237213135
cat,cat,0.9373775124549866
cat,cat,0.734794020652771
ship,ship,0.9996923208236694
cat,cat,0.9916530251502991
bird,bird,0.9999997615814209
frog,frog,0.9849526286125183
cat,cat,0.9990429282188416
frog,frog,0.9970105886459351
bird,bird,0.5757230520248413
horse,horse,0.9991443157196045
deer,deer,0.9825664758682251
dog,dog,0.9994124174118042
horse,horse,0.9999845027923584
truck,truck,0.9999983310699463
airplane,airplane,0.9992318153381348
airplane,airplane,0.9752967357635498
frog,frog,1.0
horse,horse,0.9999727010726929
bird,bird,0.999982476234436
ship,airplane,0.9984362721443176
dog,dog,0.591344952583313
dog,dog,0.9999823570251465
horse,horse,0.985921323299408
dog,dog,0.760219931602478
dog,dog,0.9772741794586182
truck,truck,0.9998576641082764
deer,deer,0.9999995231628418
frog,frog,0.9999901056289673
deer,deer,0.9999514818191528
horse,horse,0.879034161567688
cat,cat,0.9993777275085449
cat,dog,0.9116712212562561
frog,frog,0.9999682903289795
deer,deer,0.9741678237915039
automobile,cat,0.44700887799263
frog,frog,0.9998997449874878
cat,cat,0.9993206262588501
automobile,automobile,0.9999997615814209
frog,frog,0.9916496276855469
horse,horse,0.9998807907104492
airplane,airplane,0.999915599822998
dog,dog,0.9995606541633606
airplane,airplane,0.8839494585990906
automobile,automobile,0.9928038716316223
truck,truck,0.9806860685348511
horse,horse,0.9999817609786987
cat,cat,0.8436864614486694
dog,dog,0.7516943216323853
bird,bird,0.969757616519928
cat,cat,0.867068350315094
truck,truck,0.999631404876709
dog,dog,0.9994283318519592
frog,frog,0.9971797466278076
deer,cat,0.5977504253387451
airplane,airplane,0.9999904632568359
airplane,airplane,0.9999717473983765
airplane,airplane,0.9995172023773193
ship,ship,0.950127124786377
airplane,airplane,0.9977620840072632
cat,cat,0.9994204044342041
bird,bird,0.9999973773956299
deer,deer,0.999329686164856
dog,cat,0.6547159552574158
cat,cat,0.9999542236328125
horse,horse,0.9974952936172485
truck,truck,1.0
frog,frog,0.9964380264282227
truck,truck,0.9999995231628418
cat,cat,0.3902398645877838
automobile,automobile,0.9949829578399658
bird,bird,0.9996874332427979
frog,frog,0.9417669177055359
horse,horse,0.9993664622306824
deer,deer,0.9999358654022217
dog,deer,0.9824711680412292
automobile,automobile,0.999998927116394
cat,cat,0.9868454933166504
horse,horse,0.9994877576828003
frog,frog,0.5039947032928467
truck,truck,1.0
dog,cat,0.7136162519454956
ship,ship,0.9998552799224854
dog,bird,0.8565536141395569
ship,ship,0.9753806591033936
dog,dog,0.9923633337020874
ship,ship,0.9999603033065796
dog,dog,0.9991880059242249
frog,frog,0.9999672174453735
dog,dog,0.7928810119628906
airplane,airplane,0.9793848991394043
ship,ship,0.9963988065719604
cat,cat,0.4767244756221771
ship,ship,0.9999302625656128
automobile,automobile,0.9999995231628418
ship,ship,0.9993257522583008
automobile,automobile,0.9993197917938232
dog,dog,0.9509069323539734
airplane,airplane,0.9999525547027588
truck,truck,0.9999818801879883
ship,automobile,0.5963016152381897
frog,frog,0.9501222968101501
cat,cat,0.8151523470878601
frog,frog,0.9864655137062073
cat,dog,0.8691383600234985
deer,deer,0.9971960783004761
deer,dog,0.8853198885917664
horse,horse,0.5977007746696472
deer,deer,0.9286994934082031
horse,horse,0.9998725652694702
deer,deer,0.9315280914306641
cat,cat,0.8828752040863037
bird,bird,0.8124647736549377
deer,deer,0.9999380111694336
dog,deer,0.9974800944328308
dog,dog,0.9958542585372925
horse,horse,0.9999579191207886
dog,cat,0.8076284527778625
deer,deer,0.8213035464286804
dog,dog,0.9970908164978027
ship,ship,0.9999985694885254
airplane,airplane,0.9982365369796753
dog,dog,0.8477875590324402
deer,deer,0.9999278783798218
airplane,airplane,0.7987375259399414
dog,frog,0.3546339273452759
deer,deer,0.9462954998016357
cat,cat,0.9232703447341919
cat,frog,0.5175338983535767
bird,bird,0.9999402761459351
deer,deer,0.9961071610450745
bird,frog,0.8234701156616211
truck,truck,0.9638029336929321
deer,deer,0.9093344211578369
ship,ship,0.9966393709182739
ship,ship,0.9999985694885254
frog,frog,1.0
bird,airplane,0.9778909683227539
frog,frog,0.9961344003677368
automobile,automobile,0.9998655319213867
horse,horse,0.9999945163726807
airplane,airplane,0.9555547833442688
deer,deer,0.9969738721847534
cat,cat,0.9938278794288635
ship,ship,1.0
dog,dog,0.9998948574066162
truck,truck,0.9995934367179871
horse,horse,0.9995986819267273
frog,frog,0.9948318004608154
horse,horse,0.9614968299865723
automobile,automobile,0.9507240653038025
airplane,airplane,0.9982476234436035
bird,bird,0.9956648945808411
cat,bird,0.7578662037849426
dog,cat,0.9221484065055847
frog,frog,0.9999545812606812
horse,horse,0.9926074743270874
automobile,automobile,0.9999327659606934
frog,frog,0.9977843165397644
bird,bird,0.999881386756897
ship,ship,0.9999994039535522
cat,cat,0.9997256398200989
horse,horse,0.8852590918540955
bird,bird,0.9999716281890869
dog,dog,0.9999935626983643
horse,horse,0.9995633959770203
dog,cat,0.7339334487915039
horse,horse,0.9999624490737915
horse,horse,0.9927288889884949
automobile,automobile,0.6653483510017395
horse,horse,0.9912986159324646
deer,deer,0.9999992847442627
cat,cat,0.9860191345214844
cat,cat,0.998479425907135
deer,deer,0.9999324083328247
airplane,airplane,0.9996811151504517
deer,deer,0.9998233914375305
bird,bird,0.999735414981842
horse,horse,0.9969385862350464
airplane,airplane,0.9999924898147583
bird,bird,0.8149843811988831
bird,bird,0.43343374133110046
frog,frog,0.9998691082000732
frog,frog,0.9999802112579346
bird,bird,0.9999995231628418
dog,dog,0.999998927116394
bird,deer,0.5702633261680603
frog,frog,0.9945441484451294
airplane,airplane,0.9977332353591919
frog,frog,0.994770348072052
automobile,truck,0.865303099155426
bird,frog,0.7791692614555359
truck,truck,0.9999995231628418
airplane,airplane,0.97856205701828
airplane,airplane,0.9999877214431763
automobile,automobile,0.9999997615814209
dog,dog,0.9941549897193909
dog,dog,0.999605119228363
automobile,automobile,0.9999995231628418
frog,frog,0.999743640422821
horse,horse,0.9995433688163757
ship,ship,0.9740679860115051
dog,cat,0.47137880325317383
frog,frog,0.996354341506958
cat,cat,0.979923665523529
cat,cat,0.9033535718917847
frog,bird,0.5450189709663391
airplane,airplane,0.704853355884552
truck,truck,0.9879096746444702
truck,truck,0.9998196959495544
bird,bird,0.7092702984809875
bird,bird,0.9999362230300903
frog,frog,0.9792918562889099
automobile,truck,0.4849654734134674
deer,deer,0.9878258109092712
frog,frog,0.990143895149231
bird,bird,0.999997615814209
dog,dog,0.9970290064811707
horse,horse,0.9993933439254761
ship,airplane,0.9553252458572388
ship,ship,0.9999992847442627
dog,dog,0.5390247106552124
frog,frog,0.9999639987945557
deer,deer,0.985676646232605
cat,cat,0.7754364013671875
bird,bird,0.9999994039535522
cat,cat,0.9595217108726501
deer,deer,0.8990504145622253
deer,deer,0.9896994233131409
deer,deer,0.967231273651123
ship,ship,0.9999994039535522
truck,truck,0.999771773815155
bird,bird,0.9889501929283142
frog,frog,0.9999966621398926
airplane,airplane,0.9998704195022583
truck,truck,0.9643383622169495
horse,horse,0.9994789958000183
truck,truck,0.9999938011169434
ship,ship,0.9997072815895081
horse,horse,1.0
horse,horse,0.9999957084655762
cat,cat,0.9999717473983765
ship,ship,0.9999980926513672
bird,frog,0.9404258728027344
truck,truck,0.9999996423721313
cat,cat,0.9893578886985779
dog,cat,0.48522043228149414
horse,horse,0.9998716115951538
dog,dog,0.9998936653137207
ship,ship,1.0
horse,horse,0.999991774559021
cat,cat,0.9979473948478699
horse,horse,0.999901533126831
airplane,airplane,0.9966480135917664
horse,horse,0.9980921149253845
automobile,airplane,0.9826754331588745
frog,frog,0.9999991655349731
bird,bird,0.9999823570251465
deer,deer,0.774491012096405
airplane,airplane,0.999998927116394
airplane,airplane,0.999957799911499
bird,bird,0.9999963045120239
truck,truck,0.9996980428695679
ship,ship,0.9998651742935181
bird,bird,0.9988405108451843
ship,ship,0.9999262094497681
horse,truck,0.7008567452430725
horse,horse,0.8235956430435181
dog,dog,0.991826057434082
dog,dog,0.9970021843910217
airplane,airplane,0.9999997615814209
automobile,automobile,0.9916186928749084
bird,bird,0.9999275207519531
truck,truck,0.9991256594657898
frog,frog,0.9827866554260254
automobile,automobile,0.9986405968666077
airplane,airplane,0.9898659586906433
automobile,automobile,0.9991422891616821
airplane,ship,0.9137980937957764
frog,frog,0.9999978542327881
dog,cat,0.5297772884368896
airplane,bird,0.6736937761306763
dog,dog,0.9999901056289673
horse,horse,0.9999979734420776
deer,cat,0.6707713603973389
deer,deer,0.9733505845069885
ship,ship,0.9805241823196411
cat,cat,0.6004636883735657
dog,dog,0.6123986840248108
cat,cat,0.9478340148925781
horse,horse,0.9999996423721313
bird,bird,0.9832050204277039
dog,dog,0.9085056781768799
ship,ship,0.9998968839645386
cat,cat,0.9999934434890747
dog,dog,0.9999942779541016
horse,horse,0.9998077750205994
cat,cat,0.9766167998313904
horse,horse,0.7669084072113037
airplane,airplane,0.9997500777244568
dog,dog,0.9971868395805359
deer,deer,0.9999589920043945
dog,cat,0.5163722038269043
frog,frog,0.9999721050262451
truck,truck,0.9999300241470337
cat,cat,0.8683384656906128
dog,dog,0.9992714524269104
cat,cat,0.696800947189331
ship,ship,0.9999241828918457
bird,cat,0.5434557795524597
deer,horse,0.5475153923034668
bird,bird,0.978356659412384
bird,bird,0.9986153841018677
frog,frog,0.6416215896606445
horse,horse,0.9978639483451843
frog,frog,0.9965773224830627
airplane,airplane,0.999428927898407
dog,dog,0.9999785423278809
dog,dog,0.9999847412109375
ship,ship,0.9999626874923706
deer,deer,0.9268187880516052
dog,dog,0.9994122982025146
frog,frog,0.9580569863319397
automobile,automobile,0.9968074560165405
cat,cat,0.9893366098403931
dog,dog,0.9993820190429688
deer,deer,0.8386738300323486
horse,horse,0.9976552724838257
cat,cat,0.9777014255523682
airplane,airplane,0.9998321533203125
horse,horse,0.9962044358253479
bird,bird,0.9944566488265991
airplane,ship,0.48941487073898315
automobile,automobile,0.9999926090240479
bird,bird,0.6854423880577087
deer,deer,0.9999979734420776
truck,truck,0.9282453656196594
frog,frog,0.9989014863967896
deer,deer,0.9999737739562988
dog,dog,0.9970742464065552
truck,truck,0.9989147186279297
horse,horse,0.580146074295044
horse,horse,0.9031122922897339
frog,frog,0.6736888289451599
horse,horse,0.7008379697799683
deer,deer,0.9694694876670837
cat,cat,0.9957972764968872
automobile,automobile,0.999935507774353
frog,frog,0.9439965486526489
truck,truck,0.9999974966049194
deer,deer,0.9337584972381592
ship,ship,0.9999959468841553
airplane,airplane,0.992711067199707
cat,dog,0.8039726614952087
automobile,automobile,0.9205651879310608
frog,frog,0.9293296337127686
deer,deer,0.8578845858573914
deer,deer,0.9999713897705078
bird,bird,0.9780229926109314
automobile,automobile,0.9975337982177734
deer,deer,0.8398739695549011
frog,frog,0.9999849796295166
cat,cat,0.6141572594642639
airplane,airplane,0.9999964237213135
ship,ship,0.9999312162399292
truck,truck,0.9999762773513794
horse,horse,0.9830614924430847
frog,frog,0.9999271631240845
ship,ship,0.6450912356376648
deer,deer,0.9936074018478394
ship,ship,0.9999583959579468
automobile,automobile,0.9999998807907104
deer,deer,0.7878080606460571
dog,dog,0.9472780823707581
truck,truck,0.9999988079071045
deer,dog,0.8647780418395996
horse,horse,0.9998038411140442
automobile,automobile,0.998043417930603
deer,deer,0.9936044812202454
dog,dog,0.9830266833305359
cat,bird,0.3977462947368622
automobile,automobile,0.9999110698699951
bird,cat,0.9879254102706909
frog,frog,0.9998015761375427
deer,deer,0.9642388224601746
horse,horse,0.9999966621398926
automobile,automobile,0.9994595646858215
dog,dog,0.9940884113311768
truck,truck,0.9999998807907104
cat,cat,0.997779905796051
automobile,automobile,0.9999865293502808
deer,deer,0.9996451139450073
ship,ship,0.9999165534973145
horse,horse,0.996815025806427
horse,horse,0.9999710321426392
airplane,airplane,0.9986231327056885
deer,deer,0.7737537622451782
cat,cat,0.9700376391410828
deer,deer,0.9999595880508423
frog,frog,0.9952870607376099
horse,horse,0.9998071789741516
horse,horse,0.9982388019561768
dog,dog,0.43472403287887573
deer,deer,0.8673120141029358
deer,deer,0.8436307907104492
deer,deer,0.7246859669685364
cat,cat,0.7894442677497864
frog,frog,0.9999618530273438
frog,frog,0.9991853833198547
automobile,automobile,0.9999874830245972
truck,truck,0.9926050901412964
truck,truck,0.9997969269752502
horse,cat,0.756249725818634
truck,truck,0.9997223019599915
deer,deer,0.9999144077301025
cat,cat,0.9617396593093872
bird,bird,0.9998846054077148
truck,truck,0.9999895095825195
ship,ship,0.9999210834503174
dog,dog,0.9998695850372314
airplane,airplane,0.9999916553497314
frog,frog,1.0
truck,truck,0.9998953342437744
airplane,airplane,0.9999990463256836
truck,truck,0.999935507774353
horse,horse,0.9999984502792358
ship,ship,0.9997759461402893
dog,dog,0.9074468016624451
deer,deer,0.9981595873832703
deer,deer,0.998916506767273
truck,truck,0.9999799728393555
deer,deer,0.9822697043418884
bird,bird,0.9894728064537048
frog,frog,0.9987151622772217
frog,frog,0.9996553659439087
truck,truck,0.7687313556671143
truck,truck,0.999958872795105
horse,horse,0.9999736547470093
truck,truck,0.9997653365135193
truck,truck,1.0
airplane,airplane,0.9997202754020691
dog,dog,0.9995083808898926
automobile,automobile,0.9999994039535522
automobile,automobile,1.0
ship,ship,0.6021633148193359
frog,frog,0.995599627494812
truck,truck,0.9999992847442627
truck,truck,1.0
dog,dog,0.9854163527488708
frog,frog,0.9999043941497803
dog,dog,0.7514702081680298
dog,dog,0.9973331689834595
truck,truck,0.9994082450866699
horse,horse,0.9999037981033325
truck,truck,0.9999399185180664
deer,deer,0.9994403719902039
dog,dog,0.9999227523803711
deer,deer,0.982575535774231
cat,cat,0.8404051065444946
cat,cat,0.9882996082305908
truck,truck,0.9999927282333374
ship,ship,0.9936941266059875
ship,ship,0.9985023736953735
cat,dog,0.9061070680618286
deer,horse,0.591955304145813
ship,ship,1.0
deer,deer,0.973934531211853
airplane,airplane,0.9998772144317627
deer,deer,0.9952291250228882
airplane,airplane,0.9999759197235107
horse,horse,0.9799672961235046
bird,bird,0.9770613312721252
ship,ship,0.9508298635482788
airplane,truck,0.7134174704551697
bird,bird,0.9999423027038574
airplane,airplane,0.9991162419319153
horse,horse,0.9999717473983765
deer,deer,0.9974955916404724
airplane,airplane,0.9999706745147705
frog,frog,0.8219127058982849
cat,bird,0.7644231915473938
cat,cat,0.7050012350082397
automobile,automobile,0.9941064119338989
horse,horse,0.9993909597396851
deer,deer,0.9999634027481079
frog,frog,0.9999477863311768
dog,deer,0.7933706641197205
airplane,airplane,0.8606261014938354
deer,frog,0.5583447217941284
truck,truck,0.9997836947441101
dog,dog,0.9999943971633911
frog,frog,0.9999994039535522
frog,frog,1.0
cat,cat,0.5406370162963867
airplane,airplane,0.9999668598175049
dog,dog,0.8848990201950073
bird,bird,0.6499384045600891
frog,automobile,0.42512592673301697
cat,cat,0.9504426717758179
cat,cat,0.9997642636299133
ship,ship,0.9978480339050293
airplane,airplane,0.9951017498970032
ship,ship,0.9998540878295898
dog,dog,0.7820391654968262
deer,deer,0.9999942779541016
bird,bird,0.9998370409011841
truck,truck,0.9999904632568359
dog,dog,0.580311119556427
airplane,airplane,0.9972279667854309
dog,dog,0.9977023005485535
deer,deer,0.9999701976776123
ship,ship,0.9832828044891357
bird,bird,0.9652107357978821
horse,horse,0.996972918510437
frog,frog,0.5581089854240417
dog,dog,0.9802514910697937
horse,horse,0.9644360542297363
ship,ship,1.0
bird,bird,0.9999864101409912
airplane,airplane,0.9999920129776001
automobile,automobile,0.9999991655349731
ship,ship,1.0
bird,bird,0.9028660655021667
deer,dog,0.9637277126312256
ship,ship,0.9999998807907104
deer,deer,0.9944567680358887
cat,cat,0.9640877842903137
airplane,airplane,0.9928830862045288
deer,deer,0.9895562529563904
airplane,airplane,0.999998927116394
automobile,automobile,0.9999713897705078
truck,truck,1.0
cat,cat,0.9855086207389832
airplane,airplane,0.9999051094055176
cat,frog,0.6071134805679321
frog,deer,0.9315559267997742
dog,dog,0.9609785079956055
dog,dog,0.9669803977012634
bird,bird,0.9985698461532593
ship,ship,0.9999992847442627
dog,dog,0.7821326851844788
airplane,airplane,0.9999979734420776
ship,ship,0.5862963795661926
horse,horse,0.9208933115005493
dog,dog,0.9998867511749268
bird,bird,0.9852301478385925
deer,deer,0.9914500117301941
cat,cat,0.9769732356071472
horse,horse,0.9758883118629456
airplane,airplane,0.8924985527992249
bird,bird,0.9999992847442627
cat,cat,0.9258145093917847
automobile,automobile,0.999991774559021
airplane,airplane,0.9997965693473816
airplane,airplane,0.9896696209907532
bird,bird,0.794895350933075
automobile,automobile,0.9964122176170349
bird,bird,0.9985098242759705
automobile,automobile,0.9663823843002319
deer,deer,0.9882765412330627
frog,frog,0.999932050704956
horse,horse,0.990504801273346
automobile,automobile,0.9995434880256653
airplane,airplane,0.993526816368103
dog,dog,0.9994705319404602
bird,bird,0.9741078019142151
dog,dog,0.9943302869796753
truck,truck,0.9873680472373962
bird,bird,0.8692876100540161
dog,dog,0.9999047517776489
frog,frog,0.9999898672103882
horse,horse,0.999998927116394
automobile,automobile,0.9999971389770508
truck,automobile,0.9566627144813538
cat,cat,0.8755525946617126
frog,frog,0.9997236132621765
automobile,automobile,1.0
airplane,airplane,0.9969407916069031
bird,bird,0.9999998807907104
truck,truck,0.9999977350234985
deer,deer,0.9904980063438416
bird,bird,0.8077871799468994
truck,truck,0.9995529055595398
cat,cat,0.7462432980537415
ship,ship,0.9729140400886536
bird,bird,0.9999121427536011
truck,truck,1.0
ship,ship,0.9999990463256836
dog,dog,0.6391417384147644
automobile,automobile,0.9999880790710449
airplane,airplane,0.9994947910308838
automobile,automobile,0.9999997615814209
dog,dog,0.9952782392501831
bird,bird,0.9998251795768738
dog,dog,0.981582522392273
frog,frog,0.9999995231628418
ship,ship,0.9963706731796265
ship,ship,0.9541113376617432
cat,cat,0.98028564453125
dog,frog,0.8221506476402283
airplane,airplane,0.9992527365684509
deer,deer,0.9991631507873535
automobile,automobile,0.9978051781654358
cat,cat,0.9416093826293945
horse,horse,0.9992318153381348
airplane,airplane,0.9996858835220337
cat,airplane,0.9006932973861694
cat,cat,0.9079747200012207
truck,truck,0.9999957084655762
bird,bird,0.9991797804832458
cat,cat,0.5352796912193298
truck,truck,0.9999996423721313
truck,truck,0.9999994039535522
ship,ship,0.9999992847442627
dog,dog,0.46044808626174927
truck,truck,0.9982970356941223
horse,horse,0.6833557486534119
bird,bird,0.9534939527511597
airplane,truck,0.5110293626785278
truck,truck,0.9999618530273438
deer,deer,0.9994101524353027
horse,horse,0.9996787309646606
automobile,automobile,0.9997681975364685
horse,cat,0.6624983549118042
frog,frog,0.9999969005584717
deer,deer,0.7609785795211792
deer,deer,0.9968432188034058
ship,ship,0.999998927116394
truck,truck,1.0
airplane,airplane,0.9993746876716614
horse,horse,0.9999392032623291
automobile,automobile,0.999853253364563
bird,bird,0.9843825697898865
deer,deer,0.7992964386940002
airplane,horse,0.32938337326049805
cat,cat,0.9452143311500549
horse,horse,0.9927366971969604
dog,dog,0.9987896084785461
automobile,automobile,0.9999938011169434
truck,truck,0.9650125503540039
cat,cat,0.9697808027267456
dog,dog,0.9985829591751099
bird,frog,0.5844080448150635
deer,deer,0.9998990297317505
automobile,automobile,0.9972309470176697
automobile,automobile,0.9999871253967285
cat,ship,0.6083638668060303
cat,cat,0.9587876796722412
truck,truck,0.9999998807907104
bird,bird,0.9998524188995361
dog,cat,0.4714362323284149
ship,ship,0.6981942653656006
airplane,airplane,0.614459216594696
ship,ship,0.9999526739120483
automobile,automobile,0.9999998807907104
dog,dog,0.6746194958686829
automobile,automobile,0.9987618923187256
dog,dog,0.9977445602416992
truck,truck,0.9999995231628418
airplane,airplane,0.9997913241386414
truck,truck,0.9998971223831177
bird,bird,0.7547498345375061
deer,deer,0.7447924613952637
airplane,airplane,0.8979635834693909
frog,frog,0.9996551275253296
truck,truck,0.9999998807907104
automobile,automobile,0.9999284744262695
automobile,automobile,0.9669408202171326
cat,cat,0.9818559288978577
deer,cat,0.9781509637832642
truck,truck,1.0
dog,dog,0.999963641166687
cat,cat,0.978424072265625
cat,cat,0.999971866607666
cat,frog,0.775468647480011
cat,cat,0.9999990463256836
deer,horse,0.424386203289032
automobile,automobile,0.9999662637710571
dog,frog,0.9031519293785095
truck,truck,1.0
ship,ship,1.0
horse,horse,0.9949159622192383
deer,deer,0.4431089460849762
ship,ship,0.9999996423721313
horse,horse,0.9935573935508728
cat,cat,0.9342761635780334
dog,dog,0.7678437232971191
bird,bird,0.9438233971595764
dog,dog,0.890216052532196
ship,ship,0.9999880790710449
truck,truck,0.9856843948364258
horse,horse,0.9979397654533386
bird,bird,0.9999686479568481
airplane,airplane,0.8116502165794373
airplane,airplane,0.9999216794967651
horse,horse,0.9999101161956787
dog,dog,0.998751163482666
cat,cat,0.9870412349700928
dog,dog,0.7326263189315796
horse,horse,0.6209181547164917
deer,deer,0.8474357724189758
frog,frog,0.9937739372253418
bird,bird,0.9999855756759644
ship,ship,0.9992885589599609
bird,bird,0.9911443591117859
horse,horse,0.999953031539917
horse,horse,0.8970950245857239
frog,frog,0.9645691514015198
automobile,automobile,0.9995005130767822
cat,cat,0.804288923740387
ship,ship,0.9999798536300659
frog,frog,0.9903014898300171
bird,bird,0.9999446868896484
airplane,airplane,0.9999912977218628
deer,deer,0.985866367816925
deer,deer,0.8904473781585693
ship,ship,0.9998712539672852
frog,frog,0.9998420476913452
deer,deer,0.9999985694885254
airplane,airplane,0.8319039940834045
bird,bird,0.6941249370574951
dog,dog,0.9998905658721924
deer,deer,0.9976735711097717
automobile,truck,0.6911432147026062
bird,bird,0.9999822378158569
dog,dog,0.7833617925643921
deer,deer,0.9999111890792847
frog,frog,0.9771798253059387
truck,truck,0.999993085861206
dog,ship,0.7988824248313904
airplane,airplane,0.9999088048934937
dog,dog,0.9999160766601562
bird,bird,0.9922210574150085
airplane,airplane,0.9999622106552124
ship,ship,0.9997279047966003
bird,bird,0.4259377121925354
frog,frog,0.9509965181350708
deer,deer,0.972244381904602
horse,horse,0.9998629093170166
truck,truck,0.9999961853027344
dog,dog,0.999882698059082
horse,horse,0.9999908208847046
bird,bird,0.9973688125610352
frog,bird,0.891869306564331
bird,bird,0.9998037219047546
automobile,automobile,0.9999774694442749
truck,truck,1.0
truck,truck,1.0
horse,deer,0.7562430500984192
bird,bird,0.9857988357543945
dog,dog,0.9893246293067932
automobile,automobile,0.9999994039535522
ship,ship,0.9918907880783081
automobile,automobile,0.9975305199623108
frog,frog,0.9971432089805603
cat,cat,0.5962486267089844
airplane,airplane,0.9999912977218628
ship,ship,0.9999995231628418
ship,ship,1.0
dog,dog,0.988513171672821
frog,frog,0.9991340041160583
truck,truck,0.9999899864196777
truck,truck,0.6738846302032471
truck,truck,0.9999440908432007
frog,frog,0.9995050430297852
cat,cat,0.9999018907546997
airplane,airplane,0.9905110001564026
ship,ship,0.9999905824661255
ship,ship,0.9724588394165039
dog,dog,0.8364732265472412
cat,cat,0.7515440583229065
cat,cat,0.9210127592086792
automobile,truck,0.6470475792884827
automobile,automobile,0.9929128289222717
airplane,airplane,0.9999247789382935
horse,horse,0.674283504486084
airplane,airplane,0.9985637068748474
frog,frog,0.9980776309967041
airplane,airplane,0.9993306398391724
deer,deer,0.9859750866889954
deer,deer,0.9983426332473755
frog,frog,0.9996715784072876
dog,dog,0.9999853372573853
cat,cat,0.9921731948852539
bird,bird,0.9999985694885254
truck,truck,0.9999957084655762
frog,frog,0.956057608127594
frog,frog,0.9999996423721313
horse,horse,0.9997983574867249
truck,truck,0.7615195512771606
horse,horse,0.9999912977218628
horse,horse,0.9999961853027344
airplane,bird,0.9333917498588562
ship,ship,0.9749718308448792
deer,deer,0.9314228296279907
bird,bird,0.9999957084655762
horse,horse,0.9999707937240601
horse,horse,0.9999904632568359
horse,horse,0.78467857837677
deer,deer,0.9935839772224426
airplane,airplane,0.9994528889656067
automobile,automobile,0.9831660985946655
frog,frog,0.9999967813491821
airplane,airplane,0.9999815225601196
dog,dog,0.9161784052848816
cat,cat,0.999983549118042
airplane,airplane,0.8778359293937683
bird,bird,0.9999686479568481
deer,deer,0.9954614043235779
truck,truck,1.0
horse,horse,0.9982889294624329
cat,cat,0.933042049407959
cat,cat,0.997414231300354
bird,bird,0.9969633221626282
ship,ship,0.9996148347854614
ship,ship,0.9999285936355591
dog,dog,0.9814770817756653
cat,cat,0.9232046604156494
ship,ship,1.0
airplane,airplane,0.9965092539787292
ship,ship,0.9999953508377075
airplane,airplane,0.8415791988372803
airplane,airplane,0.9999994039535522
airplane,airplane,0.9992503523826599
bird,bird,1.0
bird,bird,0.9974842071533203
horse,horse,0.9297178387641907
airplane,airplane,0.999954104423523
horse,horse,0.999971866607666
horse,deer,0.6646707653999329
horse,horse,0.9999473094940186
bird,bird,0.9850581884384155
bird,bird,1.0
airplane,airplane,0.4996582865715027
deer,deer,1.0
airplane,airplane,0.9999948740005493
cat,cat,0.9050748348236084
horse,horse,0.9986253976821899
ship,ship,0.9989888072013855
deer,deer,0.9891252517700195
horse,horse,0.9999867677688599
truck,truck,0.9997974038124084
frog,frog,0.9998928308486938
automobile,truck,0.7051045298576355
automobile,automobile,0.9986225366592407
frog,frog,0.9999896287918091
truck,truck,0.9999784231185913
cat,cat,0.9629643559455872
ship,ship,0.9999959468841553
truck,truck,0.9999994039535522
dog,dog,0.9819515943527222
ship,ship,0.9999703168869019
cat,horse,0.5505365133285522
truck,automobile,0.9974697828292847
deer,deer,0.47082626819610596
cat,bird,0.4192948341369629
horse,horse,0.9991029500961304
dog,dog,0.8819577693939209
dog,ship,0.8578929901123047
bird,bird,0.9779154658317566
horse,cat,0.7530053853988647
dog,dog,0.9920003414154053
horse,horse,0.9999995231628418
truck,automobile,0.5437230467796326
frog,frog,0.9999529123306274
cat,cat,0.7400416731834412
airplane,airplane,0.9994927644729614
ship,ship,0.999993085861206
deer,deer,0.8977847695350647
dog,dog,0.9687322378158569
frog,dog,0.7063178420066833
automobile,automobile,0.9898640513420105
airplane,airplane,0.9041545987129211
deer,horse,0.591033399105072
ship,ship,0.9971629977226257
deer,deer,0.9999550580978394
horse,horse,0.9999881982803345
automobile,automobile,0.9335758090019226
cat,cat,0.7576430439949036
bird,bird,0.9999992847442627
airplane,airplane,0.9999204874038696
truck,truck,0.7846132516860962
automobile,automobile,0.9999998807907104
ship,ship,0.9997543692588806
ship,truck,0.9748585224151611
frog,frog,0.9996582269668579
ship,ship,0.9999525547027588
automobile,automobile,0.9997854828834534
horse,horse,0.9998869895935059
automobile,automobile,0.9931249618530273
airplane,airplane,0.9999895095825195
truck,truck,0.7005675435066223
horse,horse,0.9998877048492432
frog,frog,0.5750954151153564
deer,deer,0.9939218759536743
dog,dog,0.835688591003418
ship,ship,0.9985101819038391
bird,bird,0.9965965151786804
automobile,automobile,0.9998704195022583
bird,bird,1.0
dog,cat,0.5973491668701172
ship,ship,0.9998787641525269
automobile,automobile,0.9999213218688965
automobile,automobile,0.9999810457229614
ship,ship,0.9998101592063904
ship,ship,0.9999953508377075
airplane,ship,0.9803183674812317
truck,truck,1.0
airplane,airplane,0.9646722078323364
airplane,airplane,0.9999895095825195
deer,deer,0.9732809066772461
cat,cat,0.989894688129425
cat,dog,0.913090169429779
dog,dog,0.7676323652267456
frog,frog,0.9999983310699463
frog,frog,0.9912971258163452
cat,dog,0.57515549659729
automobile,automobile,0.998606264591217
deer,deer,0.76637202501297
deer,deer,0.8154270648956299
horse,horse,0.9955334663391113
ship,ship,0.9999992847442627
airplane,airplane,0.9989174604415894
automobile,automobile,0.9999047517776489
deer,deer,0.9198431372642517
ship,ship,0.9999582767486572
deer,deer,0.9913273453712463
frog,frog,0.9996943473815918
bird,bird,0.9835649132728577
bird,bird,0.9991399049758911
bird,bird,0.8839947581291199
frog,frog,0.9999912977218628
cat,cat,0.8811848163604736
deer,deer,0.998105525970459
airplane,airplane,0.9999994039535522
ship,ship,0.9998321533203125
automobile,automobile,0.9609512090682983
cat,cat,0.866434633731842
ship,ship,0.9754719138145447
cat,cat,0.8346500992774963
ship,ship,0.9999924898147583
truck,truck,0.9998987913131714
automobile,automobile,0.9999654293060303
frog,frog,0.9999966621398926
automobile,automobile,0.9999932050704956
truck,truck,0.9992015957832336
ship,ship,0.9999521970748901
bird,bird,0.9996340274810791
airplane,airplane,0.9999667406082153
deer,deer,0.9476915001869202
horse,deer,0.6768705248832703
deer,deer,0.9991338849067688
airplane,airplane,0.9999418258666992
airplane,ship,0.3303426504135132
horse,horse,0.7285752892494202
frog,frog,0.9999991655349731
ship,ship,0.9998464584350586
truck,truck,0.9999911785125732
ship,automobile,0.4647236168384552
frog,frog,0.9999732971191406
bird,frog,0.9545513987541199
ship,ship,0.9999738931655884
ship,ship,0.9014809131622314
airplane,airplane,0.9998970031738281
automobile,automobile,0.9821873903274536
automobile,automobile,0.999930739402771
airplane,airplane,0.9990004897117615
horse,horse,0.99993896484375
horse,horse,0.9953839182853699
deer,bird,0.6590873003005981
deer,deer,0.9323709607124329
horse,horse,0.8651421070098877
horse,dog,0.6725738048553467
bird,bird,0.9997835755348206
frog,dog,0.6858544945716858
frog,frog,0.9999669790267944
horse,horse,0.9957138299942017
deer,deer,0.9999127388000488
dog,dog,0.9937791228294373
deer,deer,0.8017139434814453
airplane,airplane,0.9999988079071045
truck,truck,1.0
deer,deer,0.9935564398765564
horse,horse,0.9998387098312378
bird,bird,0.9999995231628418
dog,dog,0.9993775486946106
cat,cat,0.9912303686141968
bird,bird,0.7286767959594727
bird,bird,0.9994613528251648
horse,horse,0.9770718216896057
frog,frog,0.9999998807907104
bird,bird,0.9859647750854492
frog,frog,0.991332471370697
deer,deer,0.9999983310699463
truck,truck,0.9996637105941772
frog,frog,0.9935789108276367
ship,ship,0.9998712539672852
cat,cat,0.9977700710296631
ship,ship,0.9986467957496643
dog,dog,0.9998070597648621
dog,dog,0.9980608820915222
bird,bird,0.9658764600753784
cat,cat,0.9990874528884888
deer,bird,0.9886196851730347
dog,dog,0.9927399754524231
bird,bird,0.87419193983078
horse,horse,0.9999990463256836
dog,dog,0.9985673427581787
automobile,automobile,0.9982668161392212
dog,dog,0.9998843669891357
cat,cat,0.9999290704727173
horse,horse,0.9952848553657532
ship,ship,0.9999974966049194
ship,ship,0.590432345867157
truck,truck,0.9999798536300659
frog,frog,0.4443967342376709
airplane,airplane,0.9884747862815857
truck,truck,0.726064145565033
bird,bird,0.999971866607666
frog,frog,0.9922025203704834
airplane,airplane,0.9810907244682312
airplane,airplane,0.9920974969863892
automobile,automobile,0.9999921321868896
deer,deer,0.9977966547012329
automobile,automobile,0.6519650220870972
cat,cat,0.9993628859519958
dog,horse,0.5161468982696533
automobile,automobile,0.9999997615814209
ship,ship,0.9945034980773926
truck,truck,0.9999220371246338
frog,frog,0.9092356562614441
bird,deer,0.6507743000984192
frog,frog,0.9278990030288696
truck,truck,0.9999209642410278
dog,cat,0.38764283061027527
frog,frog,0.9998973608016968
dog,dog,0.9968157410621643
truck,truck,0.9999768733978271
automobile,automobile,0.8599134683609009
deer,deer,0.9978814721107483
bird,bird,0.9998918771743774
ship,truck,0.47428545355796814
truck,truck,0.9948158860206604
dog,dog,0.9994279742240906
deer,deer,0.9991114735603333
horse,horse,0.9997771382331848
airplane,airplane,0.9339950084686279
cat,cat,0.986014723777771
horse,horse,0.9984254837036133
automobile,automobile,0.9999792575836182
frog,frog,0.9785653948783875
truck,truck,0.9999909400939941
automobile,automobile,0.9971556663513184
automobile,automobile,0.9518113136291504
deer,deer,0.9999905824661255
airplane,airplane,0.6160221099853516
dog,cat,0.8539972305297852
automobile,automobile,1.0
frog,frog,0.9999970197677612
cat,cat,0.6399658918380737
airplane,airplane,0.8896420001983643
bird,bird,0.9971928000450134
dog,cat,0.48159265518188477
dog,dog,0.9993384480476379
dog,dog,1.0
bird,bird,0.9972842931747437
ship,ship,0.8664671182632446
bird,bird,0.5414040088653564
cat,cat,0.9953097701072693
automobile,automobile,0.9999990463256836
frog,frog,0.9790642857551575
bird,bird,0.9985606074333191
horse,horse,0.9874656796455383
airplane,airplane,0.8021440505981445
ship,ship,0.9999998807907104
truck,truck,0.9999964237213135
bird,bird,0.9908570647239685
frog,frog,0.9994717240333557
deer,deer,0.9996672868728638
horse,horse,0.906017541885376
dog,dog,0.9950714111328125
dog,dog,0.9932077527046204
ship,ship,1.0
ship,ship,0.9999990463256836
horse,horse,0.9952202439308167
ship,ship,0.963670015335083
dog,dog,0.9990307092666626
horse,horse,0.9999527931213379
deer,deer,0.9996938705444336
deer,deer,0.9999271631240845
airplane,airplane,0.9999473094940186
airplane,airplane,0.9668275713920593
horse,horse,0.9995348453521729
airplane,airplane,0.99991774559021
deer,deer,0.9996514320373535
airplane,airplane,0.9610275030136108
deer,deer,0.9748674035072327
deer,deer,0.9996709823608398
bird,bird,0.9912474751472473
dog,dog,0.9550384879112244
deer,deer,0.9679198265075684
airplane,airplane,0.8867802619934082
horse,horse,0.9999600648880005
horse,horse,0.9658891558647156
horse,horse,0.9996989965438843
airplane,airplane,0.9986261129379272
deer,deer,0.9991983771324158
frog,frog,0.7286751866340637
bird,bird,0.9999452829360962
truck,truck,0.9993317723274231
automobile,automobile,0.9974684715270996
automobile,automobile,0.8362336754798889
dog,dog,0.9758233428001404
airplane,airplane,0.9993801116943359
truck,truck,0.9999923706054688
automobile,automobile,0.9897608160972595
airplane,airplane,0.9999932050704956
frog,frog,0.9656814336776733
dog,bird,0.8063194155693054
cat,cat,0.9977772831916809
airplane,airplane,0.9999977350234985
truck,truck,0.9998693466186523
airplane,airplane,0.9999628067016602
frog,frog,0.990100085735321
bird,bird,0.976367175579071
airplane,airplane,0.8665210008621216
deer,deer,0.9615769386291504
automobile,automobile,0.9862512350082397
frog,frog,0.7153721451759338
horse,horse,0.9999881982803345
frog,frog,0.8640677332878113
automobile,automobile,0.9999994039535522
airplane,airplane,0.9999580383300781
deer,deer,0.9999966621398926
frog,frog,0.9907192587852478
airplane,airplane,0.9995564818382263
deer,deer,0.9999837875366211
deer,deer,0.9995057582855225
bird,bird,0.9994006156921387
horse,horse,0.9962473511695862
frog,frog,0.9987389445304871
dog,dog,0.562975287437439
cat,cat,0.7689381241798401
dog,dog,0.9983141422271729
truck,truck,0.9999974966049194
deer,deer,0.9987146854400635
dog,dog,0.9999749660491943
bird,bird,0.9999874830245972
airplane,airplane,0.9999538660049438
dog,dog,0.9999761581420898
horse,horse,0.4531930088996887
bird,bird,0.999783456325531
cat,cat,0.9122161269187927
truck,truck,0.9999501705169678
deer,deer,0.9987832903862
dog,dog,0.9999998807907104
ship,ship,0.9999985694885254
automobile,cat,0.9336085319519043
truck,truck,0.999984860420227
cat,cat,0.9081289768218994
automobile,automobile,0.9968532919883728
ship,ship,0.9986075758934021
dog,dog,0.990095853805542
ship,ship,1.0
frog,frog,0.999832034111023
frog,frog,0.9983288645744324
cat,cat,0.9972478747367859
deer,deer,0.9931679964065552
airplane,airplane,0.999625563621521
bird,bird,0.6515047550201416
cat,cat,0.9691041111946106
bird,bird,0.893995463848114
frog,frog,0.999988317489624
automobile,automobile,0.9999933242797852
ship,ship,0.9999947547912598
bird,frog,0.7072905898094177
automobile,automobile,0.9936345815658569
cat,cat,0.9733949899673462
frog,frog,0.9256165027618408
bird,bird,0.9999986886978149
bird,bird,0.9989330172538757
cat,cat,0.7491567134857178
cat,cat,0.9990746974945068
dog,dog,0.994205892086029
airplane,airplane,0.9999654293060303
bird,bird,0.9999853372573853
automobile,automobile,0.9966983199119568
bird,deer,0.5489047169685364
ship,ship,0.9999998807907104
airplane,airplane,0.9979063272476196
ship,ship,0.9959381818771362
bird,bird,0.999776303768158
bird,bird,0.9695942997932434
horse,horse,0.956345796585083
cat,cat,0.9550570249557495
dog,dog,0.9976014494895935
truck,truck,0.9999996423721313
ship,ship,0.9999967813491821
cat,cat,0.9521069526672363
frog,horse,0.6347170472145081
automobile,automobile,0.9999986886978149
airplane,airplane,0.8818192481994629
ship,ship,0.9391802549362183
frog,frog,0.9999997615814209
cat,cat,0.8116991519927979
dog,dog,0.9865521788597107
ship,ship,0.9998903274536133
truck,truck,0.9999991655349731
deer,deer,0.999935507774353
ship,ship,0.9931440353393555
airplane,airplane,0.9960795044898987
airplane,airplane,0.9101811647415161
bird,bird,0.9999992847442627
truck,truck,0.665156900882721
automobile,automobile,0.9999865293502808
ship,ship,0.9999926090240479
cat,cat,0.9998351335525513
horse,horse,0.9895145893096924
bird,bird,0.9946697354316711
ship,ship,0.9999998807907104
airplane,airplane,0.9200223088264465
truck,truck,0.9999998807907104
deer,deer,0.6403053998947144
ship,ship,0.9999988079071045
truck,truck,1.0
deer,bird,0.6904937028884888
ship,ship,0.999916672706604
truck,truck,0.9999505281448364
dog,dog,0.7616010904312134
deer,deer,0.9985232949256897
ship,ship,0.9999654293060303
automobile,airplane,0.8930026292800903
dog,dog,0.9999748468399048
dog,dog,0.9537480473518372
horse,horse,0.999474823474884
bird,bird,0.9663142561912537
dog,dog,0.6561647057533264
ship,ship,0.9019472002983093
ship,ship,0.9992128610610962
automobile,automobile,0.9999395608901978
bird,bird,0.9838744401931763
cat,cat,0.9999719858169556
automobile,automobile,0.9957600235939026
dog,dog,0.7895728945732117
airplane,airplane,0.9937492609024048
bird,bird,0.9999998807907104
cat,cat,0.3648736774921417
airplane,airplane,0.9999850988388062
ship,ship,0.9999996423721313
bird,bird,0.9972992539405823
bird,bird,0.9382341504096985
ship,ship,0.9526761770248413
horse,horse,0.999755322933197
cat,cat,0.9865682125091553
dog,dog,0.9580660462379456
cat,frog,0.5206443071365356
truck,truck,0.9999995231628418
frog,frog,0.9999933242797852
cat,cat,0.9606262445449829
dog,dog,0.9976271986961365
automobile,automobile,0.9999661445617676
automobile,automobile,0.9999743700027466
horse,horse,0.5543351769447327
horse,horse,0.9990574717521667
cat,ship,0.620791494846344
cat,cat,0.996667206287384
ship,ship,0.9999997615814209
truck,truck,0.9404535889625549
frog,frog,0.9930025935173035
airplane,airplane,0.9999995231628418
ship,ship,0.6650514006614685
airplane,airplane,0.9753422737121582
frog,frog,0.9988774657249451
frog,frog,0.9999964237213135
deer,deer,0.9932515025138855
frog,frog,0.9994621872901917
truck,truck,0.9995032548904419
automobile,automobile,0.9999980926513672
automobile,automobile,0.9999861717224121
horse,horse,1.0
airplane,airplane,0.52728271484375
frog,frog,0.9998762607574463
ship,ship,0.9961732029914856
truck,truck,0.999996542930603
airplane,airplane,0.9914652705192566
frog,frog,0.9990236759185791
truck,truck,0.9956865906715393
airplane,airplane,0.9997127652168274
automobile,automobile,0.9974652528762817
automobile,automobile,0.9999990463256836
horse,horse,0.9999972581863403
bird,bird,0.9980385899543762
automobile,automobile,0.9999958276748657
airplane,airplane,0.9992590546607971
deer,deer,0.9997835755348206
dog,dog,0.9999459981918335
airplane,airplane,0.9999991655349731
cat,cat,0.7061412334442139
frog,cat,0.39774736762046814
cat,cat,0.932731568813324
cat,cat,0.9712915420532227
ship,ship,0.999637246131897
automobile,automobile,0.9997604489326477
ship,ship,0.9997501969337463
automobile,automobile,0.9999810457229614
cat,cat,0.9903925657272339
automobile,automobile,0.9999650716781616
dog,dog,0.9991371035575867
deer,deer,0.999526858329773
dog,dog,0.7811277508735657
automobile,automobile,0.9997153878211975
ship,ship,0.9804186224937439
truck,truck,0.9999614953994751
automobile,automobile,0.9779554009437561
cat,cat,0.5648910403251648
automobile,automobile,0.9997730851173401
horse,horse,0.9999630451202393
bird,bird,0.9977113008499146
truck,truck,0.999984622001648
ship,ship,1.0
truck,truck,0.9992139339447021
deer,deer,0.995136559009552
frog,frog,0.9999669790267944
airplane,frog,0.6746251583099365
truck,truck,0.9930552840232849
deer,deer,0.6600614190101624
airplane,airplane,0.7875948548316956
deer,deer,0.8949305415153503
frog,frog,0.6648062467575073
bird,bird,0.9998987913131714
automobile,automobile,0.9999966621398926
cat,dog,0.5318549871444702
airplane,airplane,0.9381631016731262
ship,ship,0.489463746547699
dog,dog,0.9943943023681641
frog,frog,0.9999935626983643
airplane,airplane,0.9851570129394531
cat,deer,0.5563130974769592
deer,deer,0.8921210765838623
frog,frog,0.9999947547912598
truck,truck,0.998735249042511
dog,cat,0.582741916179657
horse,horse,0.9664474129676819
truck,truck,0.9975833892822266
airplane,airplane,0.9993185997009277
cat,cat,0.8995693922042847
frog,frog,0.9819723963737488
dog,dog,0.990822434425354
horse,horse,0.9431564807891846
airplane,ship,0.9981339573860168
dog,dog,0.9999598264694214
automobile,truck,0.5623052716255188
bird,bird,0.999734103679657
bird,bird,0.7889439463615417
truck,truck,0.9999704360961914
horse,deer,0.7131752967834473
airplane,airplane,0.9985358715057373
airplane,airplane,0.9999276399612427
automobile,automobile,0.9999994039535522
deer,deer,0.9234724640846252
deer,deer,0.9999361038208008
dog,dog,0.9999682903289795
dog,dog,0.9999961853027344
truck,truck,0.9999997615814209
frog,frog,0.9704914689064026
cat,cat,0.9999943971633911
frog,frog,0.9934961795806885
bird,bird,0.9999997615814209
frog,deer,0.5246554017066956
truck,truck,0.9529696702957153
cat,cat,0.9859437942504883
bird,horse,0.8119860291481018
cat,cat,0.8712261319160461
bird,bird,0.8229138851165771
deer,deer,0.9967448711395264
truck,truck,0.7185335159301758
dog,dog,0.512114942073822
bird,bird,0.5805363059043884
automobile,automobile,0.9889460206031799
frog,frog,0.9999821186065674
frog,frog,0.9992673993110657
deer,deer,0.9999510049819946
horse,horse,0.9997405409812927
frog,frog,0.9997580647468567
cat,cat,0.4868870973587036
cat,cat,0.9997524619102478
ship,ship,0.9969402551651001
automobile,automobile,0.999961256980896
deer,deer,0.982097327709198
frog,frog,0.9999855756759644
deer,deer,0.9557616114616394
deer,deer,0.7855964303016663
dog,dog,0.9502168297767639
frog,frog,0.991955578327179
bird,dog,0.9056406617164612
airplane,airplane,0.9997809529304504
dog,dog,0.9532435536384583
bird,bird,0.9999979734420776
horse,horse,0.8966912627220154
dog,dog,0.9887909889221191
bird,bird,0.9999910593032837
dog,dog,0.9934936165809631
bird,bird,0.961250364780426
dog,dog,0.9999045133590698
truck,truck,0.9970861077308655
airplane,airplane,0.9782829284667969
frog,frog,0.9935500621795654
horse,horse,0.8608191013336182
truck,truck,0.9999566078186035
ship,ship,0.9995808005332947
cat,cat,0.9996695518493652
bird,bird,1.0
automobile,automobile,0.9999772310256958
deer,cat,0.5332948565483093
cat,cat,0.9923624992370605
deer,deer,0.9999526739120483
dog,dog,0.9999041557312012
dog,dog,0.9984076619148254
frog,frog,0.9997755885124207
ship,ship,0.9999992847442627
frog,frog,0.9831984639167786
airplane,airplane,0.9996888637542725
ship,ship,0.8827070593833923
truck,truck,0.9999810457229614
ship,bird,0.9399630427360535
airplane,airplane,0.6657376885414124
horse,airplane,0.560596227645874
horse,horse,0.9998353719711304
frog,frog,0.9999977350234985
frog,frog,0.9179214835166931
horse,horse,0.6923903226852417
dog,bird,0.39609280228614807
truck,truck,0.9999961853027344
ship,ship,0.9750800728797913
horse,deer,0.5849681496620178
truck,truck,0.9939950108528137
dog,dog,0.9946401715278625
frog,frog,0.9994837045669556
airplane,airplane,0.9937199354171753
deer,deer,0.9997925162315369
ship,ship,0.9997965693473816
bird,deer,0.6503332257270813
airplane,airplane,0.5396996736526489
truck,truck,1.0
automobile,automobile,0.9997535347938538
cat,cat,0.8089806437492371
truck,truck,0.9999048709869385
ship,ship,0.9997058510780334
cat,dog,0.6735736131668091
horse,horse,0.9614130854606628
deer,deer,0.9989885687828064
dog,dog,0.9953227639198303
airplane,airplane,0.886641263961792
bird,bird,0.996063768863678
automobile,automobile,0.9997296929359436
truck,truck,0.9973641037940979
automobile,automobile,0.9996284246444702
airplane,airplane,0.8367170691490173
dog,dog,0.9888249039649963
ship,ship,0.9999357461929321
deer,deer,0.9986799359321594
horse,horse,0.9978455305099487
cat,cat,0.9991598129272461
automobile,automobile,0.9998914003372192
deer,deer,0.9916290044784546
dog,dog,0.9685508012771606
cat,deer,0.6561784148216248
automobile,automobile,0.9961328506469727
airplane,airplane,0.999997615814209
ship,ship,0.6577324867248535
ship,ship,0.9999977350234985
ship,ship,0.999953031539917
bird,ship,0.6204614639282227
automobile,automobile,0.9963885545730591
cat,frog,0.9959633350372314
horse,horse,0.9999964237213135
cat,cat,0.8853453397750854
automobile,truck,0.8562852740287781
frog,frog,0.9999516010284424
truck,truck,0.999971866607666
automobile,automobile,0.9999569654464722
frog,frog,0.64759761095047
airplane,airplane,0.9985525012016296
horse,horse,0.9533785581588745
horse,horse,0.9991045594215393
automobile,automobile,0.9997851252555847
cat,cat,0.9999982118606567
cat,dog,0.8282800316810608
cat,cat,0.4826586842536926
automobile,automobile,0.9851980805397034
airplane,airplane,0.9994803071022034
bird,bird,0.9999746084213257
horse,horse,0.9999996423721313
automobile,automobile,0.859448254108429
bird,bird,0.9998435974121094
bird,bird,0.9999879598617554
truck,truck,0.9996457099914551
frog,frog,1.0
cat,cat,0.970242977142334
dog,dog,0.999743640422821
truck,truck,0.9999969005584717
deer,deer,0.9980683922767639
ship,ship,0.9999642372131348
airplane,airplane,0.9915629625320435
deer,deer,0.9980039000511169
ship,ship,0.9999985694885254
airplane,airplane,0.9103875756263733
automobile,truck,0.6138939261436462
cat,cat,0.9989597797393799
horse,horse,0.9737764596939087
airplane,airplane,0.9988252520561218
deer,deer,0.9996029734611511
horse,airplane,0.5061753988265991
deer,deer,0.9395104646682739
ship,ship,0.9987955093383789
frog,frog,0.6277064681053162
deer,deer,0.9948192238807678
cat,cat,0.9993647933006287
truck,truck,0.9997827410697937
ship,ship,0.9999974966049194
bird,bird,0.9999010562896729
bird,bird,1.0
ship,ship,0.6754067540168762
cat,cat,0.9999945163726807
automobile,automobile,0.9999746084213257
automobile,automobile,0.999881386756897
bird,bird,0.9343588352203369
ship,bird,0.9179674983024597
bird,bird,0.9999406337738037
frog,frog,0.9999988079071045
truck,truck,1.0
deer,frog,0.8246042728424072
ship,ship,0.9999923706054688
deer,deer,0.896975576877594
deer,deer,0.933968186378479
automobile,automobile,0.9956550598144531
dog,dog,0.9999322891235352
bird,bird,0.9999685287475586
frog,frog,0.9999021291732788
truck,truck,0.9999995231628418
bird,airplane,0.9897066354751587
airplane,airplane,0.999998927116394
horse,horse,0.9984537363052368
automobile,automobile,0.9999911785125732
ship,ship,0.9999904632568359
truck,truck,0.9999996423721313
cat,cat,0.9979766011238098
truck,truck,0.9998862743377686
truck,truck,1.0
airplane,airplane,0.9997146725654602
horse,horse,0.9991872906684875
horse,horse,0.9999499320983887
dog,dog,0.8555263876914978
deer,deer,0.6139368414878845
bird,bird,0.9782252311706543
frog,frog,0.9995792508125305
deer,deer,0.9999583959579468
dog,dog,0.9998824596405029
horse,horse,0.9997738003730774
horse,horse,0.9728102684020996
ship,ship,1.0
horse,horse,0.9999833106994629
bird,bird,0.36997172236442566
frog,frog,0.9980505704879761
bird,bird,0.9993124008178711
bird,bird,0.9946247935295105
deer,deer,0.9999924898147583
deer,deer,0.764680802822113
airplane,airplane,0.9984157085418701
horse,cat,0.9185585975646973
automobile,automobile,0.999964714050293
cat,dog,0.9906486868858337
truck,truck,0.9903889298439026
frog,frog,0.9986169338226318
airplane,airplane,0.9895702600479126
airplane,airplane,0.9977824091911316
bird,bird,0.8692463636398315
cat,cat,0.9924593567848206
ship,ship,0.9999980926513672
bird,frog,0.9714728593826294
bird,bird,0.9998279809951782
deer,deer,0.9999369382858276
cat,cat,0.9987395405769348
dog,dog,0.9999942779541016
bird,bird,0.7083587050437927
truck,truck,0.9682513475418091
automobile,automobile,0.9995008707046509
airplane,airplane,0.9819769859313965
airplane,airplane,0.9995701909065247
frog,frog,0.9773721098899841
dog,dog,0.9988003969192505
dog,ship,0.6054674386978149
horse,horse,0.9603284001350403
truck,truck,0.999982476234436
truck,truck,0.9994171857833862
frog,frog,0.9999978542327881
dog,dog,0.8962932825088501
dog,dog,0.9998605251312256
airplane,airplane,0.9848605394363403
dog,dog,0.9954870343208313
horse,horse,0.9898028373718262
automobile,automobile,0.9999998807907104
frog,frog,1.0
frog,frog,0.9997187256813049
deer,deer,0.9763848781585693
automobile,automobile,0.8756693601608276
deer,deer,0.5949507355690002
deer,deer,0.9999947547912598
automobile,automobile,0.996878981590271
dog,dog,0.9995044469833374
airplane,airplane,0.999901294708252
airplane,airplane,0.9999324083328247
deer,deer,0.8987847566604614
dog,dog,0.9981587529182434
ship,ship,0.9989475607872009
deer,deer,0.6404312252998352
ship,ship,0.9966512322425842
cat,dog,0.7425505518913269
airplane,airplane,0.9848799705505371
dog,dog,0.9961905479431152
airplane,airplane,0.9999997615814209
dog,dog,0.6041537523269653
cat,cat,0.4905843138694763
automobile,automobile,0.9999991655349731
frog,frog,0.9865486025810242
horse,horse,0.9987039566040039
airplane,airplane,0.8821872472763062
truck,truck,0.9999308586120605
automobile,automobile,0.9999964237213135
dog,dog,0.9728336334228516
horse,horse,0.9999691247940063
frog,frog,0.9998683929443359
dog,dog,0.9999973773956299
dog,dog,0.9960979223251343
dog,dog,0.9870728254318237
frog,frog,0.9999700784683228
airplane,airplane,0.9997950196266174
airplane,airplane,0.9999256134033203
automobile,automobile,0.9999988079071045
horse,horse,0.9998326301574707
dog,cat,0.6895333528518677
automobile,automobile,0.9999963045120239
truck,truck,0.9853057265281677
bird,bird,0.9933059811592102
deer,deer,0.5403520464897156
automobile,automobile,0.9984878301620483
cat,frog,0.9026109576225281
horse,horse,0.9951436519622803
ship,ship,0.9656602144241333
bird,bird,0.8952823877334595
airplane,airplane,0.999607503414154
truck,truck,0.9965704679489136
frog,frog,0.999998927116394
frog,frog,0.9999871253967285
airplane,airplane,0.9914411306381226
frog,frog,0.9999572038650513
dog,dog,0.9999762773513794
ship,ship,1.0
bird,bird,0.9995935559272766
horse,horse,0.9999570846557617
deer,deer,0.7636100053787231
airplane,airplane,0.9643567800521851
bird,bird,1.0
horse,horse,0.9872229099273682
horse,horse,0.9502666592597961
ship,ship,0.999998927116394
ship,ship,0.9998156428337097
horse,horse,0.9992449283599854
airplane,airplane,0.9994932413101196
deer,deer,0.9845516085624695
truck,truck,0.9999125003814697
automobile,automobile,0.9998447895050049
deer,deer,0.9904198050498962
deer,deer,0.9999985694885254
cat,dog,0.8784514665603638
dog,dog,0.9770235419273376
deer,deer,0.9999841451644897
frog,frog,0.9999959468841553
bird,bird,0.9999669790267944
cat,cat,0.9953504800796509
automobile,automobile,0.9948368072509766
airplane,airplane,0.9942861199378967
cat,cat,0.940058708190918
cat,cat,0.9996680021286011
cat,cat,0.9988924860954285
frog,bird,0.9929297566413879
cat,dog,0.6791158318519592
automobile,automobile,0.9999818801879883
bird,bird,1.0
ship,ship,0.4047599136829376
truck,truck,0.9999957084655762
horse,horse,0.9675769805908203
truck,truck,0.9999716281890869
cat,cat,0.9900884032249451
ship,ship,0.9999876022338867
horse,horse,0.9918768405914307
cat,cat,0.7649694681167603
automobile,automobile,0.9987896084785461
horse,horse,0.9831534028053284
horse,horse,0.9994996786117554
cat,cat,0.6162969470024109
bird,bird,0.9997997879981995
bird,bird,0.9999881982803345
ship,ship,0.9834383130073547
truck,truck,0.9998925924301147
dog,dog,0.999313235282898
truck,truck,0.9999998807907104
bird,bird,0.999680757522583
automobile,automobile,0.9893984794616699
horse,horse,0.9999895095825195
deer,deer,0.9970589876174927
deer,deer,0.9988849759101868
airplane,airplane,0.999945878982544
dog,cat,0.8732959032058716
horse,horse,0.7295856475830078
automobile,automobile,0.9993352293968201
dog,dog,0.9992249011993408
deer,deer,0.9980473518371582
airplane,airplane,0.9931398034095764
ship,ship,0.9999996423721313
deer,deer,0.9848740696907043
truck,truck,0.9972008466720581
ship,ship,0.9992190599441528
horse,horse,0.9682157635688782
ship,ship,0.9999998807907104
deer,deer,0.9999997615814209
bird,bird,0.999972939491272
cat,cat,0.9985559582710266
deer,deer,0.9959369897842407
airplane,airplane,0.9954903721809387
dog,dog,0.9999982118606567
deer,deer,0.9962377548217773
automobile,automobile,0.9999898672103882
ship,ship,0.9999642372131348
bird,bird,0.9219074249267578
dog,dog,0.9999998807907104
deer,deer,0.9999657869338989
dog,dog,0.9988019466400146
bird,bird,0.999944806098938
dog,dog,0.9996224641799927
cat,cat,0.9998617172241211
horse,horse,0.9982205033302307
truck,truck,0.9975438714027405
horse,horse,0.9534773826599121
automobile,automobile,0.999996542930603
deer,deer,1.0
automobile,truck,0.9946234226226807
cat,cat,0.9996071457862854
automobile,automobile,0.9999933242797852
deer,deer,0.999997615814209
dog,dog,0.9999419450759888
dog,dog,0.9999971389770508
automobile,automobile,0.7759653329849243
horse,horse,0.9962467551231384
automobile,automobile,0.9999995231628418
cat,cat,0.9910929799079895
airplane,airplane,0.9967646598815918
automobile,airplane,0.8060940504074097
bird,bird,0.9999780654907227
dog,dog,0.7354797124862671
horse,horse,0.9385757446289062
airplane,airplane,0.9787567257881165
frog,frog,0.9999927282333374
cat,cat,0.9999934434890747
dog,dog,0.9999899864196777
horse,horse,0.9991801381111145
dog,dog,0.9103308916091919
dog,dog,0.9999916553497314
ship,ship,1.0
truck,truck,0.9908117055892944
deer,deer,0.9901824593544006
frog,frog,0.9643858671188354
cat,cat,0.8416199088096619
frog,frog,0.994219183921814
frog,frog,0.9999116659164429
ship,ship,0.999981164932251
bird,bird,0.9709974527359009
frog,frog,0.9998742341995239
deer,deer,0.9376276731491089
ship,ship,0.9999997615814209
deer,deer,0.9997121691703796
automobile,automobile,0.9999109506607056
cat,cat,0.9631872773170471
automobile,truck,0.9780091047286987
bird,bird,0.7635869979858398
cat,cat,0.9465279579162598
cat,frog,0.9699360132217407
airplane,bird,0.6816909313201904
automobile,automobile,0.9999607801437378
frog,frog,0.9997398257255554
deer,deer,0.9998868703842163
bird,bird,0.9999990463256836
ship,ship,0.9999735355377197
bird,bird,0.9998013377189636
deer,deer,0.9999324083328247
cat,cat,0.9999068975448608
automobile,automobile,0.775684118270874
deer,deer,0.9996815919876099
deer,deer,0.9999994039535522
deer,deer,0.9985198378562927
deer,deer,0.999868631362915
automobile,automobile,0.9836863875389099
dog,dog,0.9999179840087891
dog,dog,0.9999840259552002
horse,horse,0.9990517497062683
frog,frog,0.999994158744812
dog,cat,0.9055032134056091
deer,deer,1.0
dog,dog,0.9968104958534241
frog,frog,0.9964559674263
dog,dog,0.999900221824646
frog,frog,0.9999983310699463
bird,bird,0.9999771118164062
deer,deer,0.9971356391906738
horse,horse,0.9963698387145996
horse,frog,0.38402634859085083
deer,deer,0.9957674741744995
frog,frog,0.9996873140335083
dog,dog,0.9987693428993225
airplane,airplane,0.9960533380508423
bird,bird,0.8991022706031799
cat,cat,0.9999892711639404
truck,truck,0.9999605417251587
bird,bird,0.9994612336158752
cat,cat,0.9807933568954468
ship,ship,0.999479353427887
airplane,airplane,0.9997826218605042
horse,horse,0.9999724626541138
airplane,airplane,0.9998573064804077
frog,frog,0.9999867677688599
ship,ship,0.9999843835830688
automobile,automobile,0.9999958276748657
bird,bird,0.9995191097259521
ship,ship,0.9999873638153076
truck,truck,0.9999619722366333
automobile,automobile,0.9940853118896484
dog,dog,0.9999608993530273
deer,deer,0.9984227418899536
bird,bird,0.9876584410667419
cat,cat,0.9990384578704834
dog,dog,0.9999940395355225
dog,dog,0.9997647404670715
cat,airplane,0.4872533977031708
frog,frog,1.0
dog,dog,0.998785674571991
airplane,airplane,0.9967831373214722
cat,cat,0.9870374202728271
bird,horse,0.700400173664093
automobile,automobile,0.9999959468841553
cat,cat,0.9998618364334106
cat,horse,0.5057501196861267
horse,horse,0.9997411370277405
horse,horse,0.9948866963386536
deer,deer,0.999640941619873
truck,truck,0.9999839067459106
deer,deer,0.9999642372131348
cat,cat,0.8115426301956177
truck,truck,1.0
dog,dog,0.999722421169281
automobile,automobile,0.9999879598617554
horse,horse,0.9991984963417053
frog,frog,0.9795147180557251
frog,frog,0.9999897480010986
deer,deer,0.9984057545661926
ship,ship,0.999975323677063
dog,dog,0.9999518394470215
automobile,automobile,0.9023386836051941
bird,bird,0.9999831914901733
ship,ship,0.9999878406524658
deer,deer,0.9449662566184998
dog,dog,0.6109107136726379
cat,cat,0.9893775582313538
cat,cat,0.9984498023986816
cat,cat,0.7560619711875916
airplane,airplane,0.9348694682121277
deer,deer,0.9707661867141724
ship,airplane,0.9710231423377991
horse,horse,0.9996863603591919
horse,horse,0.8155726790428162
truck,truck,0.9999619722366333
deer,cat,0.47660189867019653
ship,ship,1.0
deer,deer,0.6909427046775818
dog,cat,0.6623931527137756
truck,truck,0.9999816417694092
automobile,automobile,0.9997345805168152
ship,ship,0.8656414151191711
cat,cat,0.9956465363502502
automobile,automobile,0.6547548174858093
cat,cat,0.9715024828910828
ship,ship,0.9981984496116638
airplane,airplane,0.9185512065887451
cat,dog,0.8112039566040039
dog,dog,0.993005096912384
deer,deer,0.9395121335983276
frog,frog,0.9953346848487854
truck,truck,0.9999942779541016
bird,bird,0.9999990463256836
horse,horse,0.9993267059326172
bird,bird,0.9842393398284912
airplane,airplane,0.9996715784072876
dog,cat,0.9769824743270874
bird,frog,0.5018820762634277
truck,truck,0.9999951124191284
horse,horse,0.9999996423721313
dog,dog,0.9998784065246582
airplane,airplane,0.9999865293502808
horse,horse,0.9995554089546204
airplane,airplane,0.7987651824951172
cat,cat,0.7850043177604675
dog,dog,0.8691446781158447
dog,bird,0.9151301383972168
cat,cat,0.9999717473983765
ship,ship,0.9999990463256836
horse,horse,0.989835798740387
horse,horse,0.9840751886367798
truck,truck,0.9872875213623047
frog,dog,0.655958354473114
dog,dog,0.965869128704071
ship,ship,0.9719932675361633
truck,truck,0.9999719858169556
airplane,airplane,0.9182753562927246
automobile,automobile,0.9999997615814209
truck,truck,0.6161814332008362
deer,deer,0.9994935989379883
airplane,airplane,0.7781800627708435
airplane,airplane,0.9999881982803345
automobile,truck,0.9942067861557007
horse,horse,0.5147419571876526
bird,bird,0.9254845976829529
bird,bird,0.9992017149925232
ship,ship,0.9999594688415527
dog,dog,0.892324686050415
truck,truck,0.9999949932098389
ship,ship,1.0
bird,bird,0.9962848424911499
ship,ship,0.9999998807907104
airplane,airplane,0.991094172000885
frog,frog,0.9999790191650391
frog,frog,0.9999992847442627
ship,ship,0.9999935626983643
frog,frog,0.6188445687294006
truck,truck,0.9999939203262329
frog,frog,0.9997965693473816
automobile,automobile,0.9999688863754272
automobile,automobile,0.9999998807907104
dog,dog,0.8004875183105469
cat,cat,0.9895977973937988
dog,dog,0.9999392032623291
airplane,airplane,0.9994264841079712
horse,horse,0.9999432563781738
frog,frog,0.9999821186065674
automobile,automobile,0.9997971653938293
deer,deer,0.9995219707489014
deer,deer,0.9839197993278503
automobile,automobile,1.0
automobile,automobile,1.0
ship,ship,0.9998363256454468
automobile,automobile,0.9236318469047546
automobile,automobile,0.9999998807907104
bird,bird,0.9999092817306519
cat,cat,0.8961320519447327
deer,deer,0.9998558759689331
truck,automobile,0.7991271615028381
truck,truck,0.9985584616661072
dog,dog,0.5910832285881042
bird,bird,0.9999992847442627
horse,horse,0.9960740804672241
cat,deer,0.5359507203102112
cat,cat,0.8469523191452026
frog,frog,0.9994226694107056
truck,truck,0.9815201163291931
frog,frog,0.9999805688858032
truck,truck,0.9999997615814209
ship,ship,0.9340219497680664
ship,ship,0.9991230368614197
frog,frog,0.9984177350997925
horse,horse,0.9979701638221741
deer,deer,0.9999967813491821
horse,deer,0.5254093408584595
bird,bird,0.9973275661468506
cat,dog,0.9260073304176331
ship,ship,0.9983373880386353
airplane,airplane,0.9990919828414917
truck,truck,0.9999935626983643
airplane,airplane,0.7070446610450745
horse,horse,0.9999955892562866
ship,ship,0.9041635394096375
automobile,automobile,0.9999954700469971
bird,bird,0.9956951141357422
cat,cat,0.9999934434890747
bird,bird,0.9921865463256836
deer,deer,0.964259147644043
bird,bird,0.9999990463256836
truck,truck,0.9998884201049805
airplane,airplane,0.9999936819076538
cat,truck,0.4954361617565155
ship,ship,0.9999982118606567
truck,truck,0.9994530081748962
frog,frog,0.9999995231628418
dog,dog,0.9999964237213135
dog,dog,0.9999207258224487
bird,bird,0.671752393245697
deer,deer,0.5159973502159119
automobile,automobile,0.9984398484230042
airplane,airplane,0.9993913173675537
frog,frog,0.9999998807907104
automobile,automobile,0.9984267950057983
ship,ship,0.996465802192688
deer,deer,0.9978994131088257
dog,dog,0.9487977027893066
dog,dog,0.8140857219696045
dog,dog,0.9999985694885254
airplane,airplane,0.9880145192146301
ship,ship,0.6524677276611328
truck,truck,0.9979755282402039
airplane,airplane,0.9999871253967285
dog,dog,0.8430509567260742
horse,horse,0.9999998807907104
truck,truck,1.0
frog,frog,0.9949990510940552
cat,dog,0.8992134928703308
deer,deer,0.9998016953468323
frog,frog,0.9999934434890747
deer,deer,0.9452094435691833
truck,truck,0.9998303651809692
horse,horse,0.8391124606132507
automobile,automobile,0.9974291920661926
bird,bird,0.49249961972236633
dog,dog,0.9342896342277527
bird,bird,0.9937388896942139
ship,automobile,0.9983611702919006
airplane,airplane,0.9535045623779297
bird,bird,0.9999498128890991
bird,bird,0.9601421356201172
truck,truck,0.9999985694885254
ship,ship,0.9999998807907104
automobile,automobile,1.0
truck,truck,0.9998775720596313
horse,horse,0.9984204769134521
horse,horse,0.999993085861206
cat,cat,0.9999644756317139
automobile,automobile,0.9999939203262329
deer,horse,0.5262336134910583
automobile,automobile,0.9948786497116089
automobile,truck,0.5695660710334778
cat,cat,0.9941960573196411
ship,ship,0.9999972581863403
ship,ship,1.0
automobile,automobile,0.9985623955726624
truck,truck,0.9216532707214355
cat,cat,0.9968189001083374
ship,ship,0.9998338222503662
truck,truck,0.9996380805969238
dog,cat,0.8278138041496277
automobile,automobile,0.9999704360961914
automobile,automobile,0.9999165534973145
frog,frog,0.9999722242355347
bird,bird,0.9988304972648621
horse,horse,0.656443178653717
bird,bird,0.8474846482276917
frog,frog,0.9628337025642395
bird,deer,0.999947190284729
frog,frog,0.9625784158706665
truck,truck,0.9999998807907104
frog,frog,0.999984622001648
airplane,airplane,0.7959508299827576
automobile,automobile,0.9999945163726807
cat,cat,0.9996848106384277
truck,truck,1.0
cat,cat,0.8801189064979553
ship,ship,0.9989197254180908
ship,ship,0.8301193714141846
ship,ship,0.9997276663780212
bird,bird,0.9999450445175171
truck,truck,0.9382110834121704
automobile,automobile,0.9997195601463318
bird,deer,0.755935788154602
frog,frog,0.9984971284866333
airplane,airplane,0.9979888200759888
dog,dog,0.9991545677185059
airplane,airplane,0.9482540488243103
horse,horse,0.999920129776001
horse,deer,0.4500289559364319
horse,horse,0.9999986886978149
truck,truck,0.9998681545257568
deer,deer,0.9994951486587524
dog,dog,0.9999889135360718
airplane,airplane,0.990454375743866
bird,airplane,0.8534020781517029
cat,cat,0.9933795928955078
dog,dog,0.9693002104759216
dog,cat,0.6108478903770447
ship,ship,0.9999982118606567
truck,truck,0.9998869895935059
automobile,automobile,0.9998828172683716
bird,bird,0.999988317489624
horse,horse,0.5638205409049988
automobile,automobile,0.9996217489242554
cat,cat,0.8575223088264465
deer,deer,0.9938401579856873
frog,frog,0.9939140677452087
truck,truck,0.9999995231628418
automobile,automobile,0.9999302625656128
airplane,automobile,0.5046951770782471
horse,horse,0.987128496170044
automobile,automobile,0.9955130219459534
truck,truck,0.9995338916778564
dog,dog,0.9999874830245972
ship,ship,0.8898401856422424
automobile,automobile,0.5592706799507141
truck,truck,1.0
truck,truck,0.999161958694458
horse,horse,0.999993085861206
truck,truck,0.9999992847442627
ship,ship,0.9974072575569153
cat,dog,0.8063728213310242
airplane,airplane,0.9995586276054382
bird,bird,0.9996911287307739
frog,frog,0.9999986886978149
airplane,airplane,0.9976268410682678
bird,bird,0.9999997615814209
bird,bird,0.9838854074478149
deer,deer,0.999529242515564
airplane,airplane,0.9999936819076538
ship,ship,0.9999984502792358
deer,deer,0.9959761500358582
ship,ship,0.9964969754219055
automobile,automobile,0.9999971389770508
bird,dog,0.9141162633895874
horse,horse,0.9999383687973022
bird,bird,0.9999105930328369
horse,horse,0.9938285946846008
truck,truck,0.999951958656311
dog,dog,0.9999866485595703
bird,bird,0.9759417772293091
bird,bird,0.9999845027923584
truck,truck,0.7880467772483826
bird,bird,0.7046511769294739
frog,frog,0.98506760597229
dog,dog,0.9900467991828918
horse,deer,0.6658644080162048
bird,bird,0.9826563596725464
dog,dog,0.9927065968513489
frog,frog,0.9999936819076538
dog,dog,0.9997918009757996
automobile,automobile,0.983146607875824
ship,ship,0.9968677163124084
bird,bird,0.9999988079071045
frog,frog,0.9999998807907104
ship,ship,0.9999997615814209
frog,frog,0.9989508390426636
cat,dog,0.5685111284255981
airplane,airplane,0.9999979734420776
ship,ship,0.9799757599830627
airplane,airplane,0.9992345571517944
airplane,airplane,0.9999712705612183
truck,truck,0.998725950717926
truck,truck,0.999326229095459
frog,frog,0.9944567680358887
ship,ship,0.99998939037323
airplane,airplane,0.6115214824676514
frog,frog,0.9999996423721313
frog,frog,0.9999157190322876
airplane,airplane,0.9999772310256958
horse,horse,0.9994851350784302
truck,truck,0.9999998807907104
ship,ship,0.9999978542327881
airplane,airplane,0.9989412426948547
dog,dog,0.9846871495246887
airplane,airplane,0.9999986886978149
truck,truck,0.9999954700469971
frog,frog,0.9999834299087524
airplane,airplane,1.0
deer,deer,0.9992815852165222
horse,horse,0.9991775155067444
automobile,automobile,1.0
horse,horse,0.8739403486251831
ship,ship,0.9994402527809143
ship,ship,0.999749481678009
bird,bird,0.9842543601989746
cat,deer,0.8434467315673828
truck,truck,0.9999997615814209
frog,deer,0.57526695728302
dog,dog,0.9999898672103882
dog,dog,0.9129942655563354
cat,cat,0.9503581523895264
automobile,automobile,0.9999997615814209
dog,dog,0.977668046951294
cat,dog,0.3467091917991638
airplane,airplane,0.9998445510864258
bird,bird,0.9998979568481445
dog,dog,0.9991016387939453
bird,bird,0.9999998807907104
horse,horse,0.3651069104671478
cat,cat,0.5723979473114014
ship,ship,0.9999995231628418
deer,deer,0.9999969005584717
deer,deer,0.9904289245605469
frog,frog,0.9999486207962036
automobile,automobile,0.9971871972084045
truck,truck,0.9932984709739685
deer,deer,0.734991729259491
automobile,automobile,1.0
horse,horse,0.9997715353965759
airplane,airplane,0.9978378415107727
automobile,automobile,0.9874321222305298
deer,deer,0.989210844039917
cat,cat,0.9793029427528381
airplane,airplane,0.9999774694442749
bird,bird,0.8650263547897339
truck,truck,0.9999998807907104
deer,deer,0.9999151229858398
dog,dog,0.992324948310852
airplane,airplane,0.9999101161956787
cat,cat,0.9954094290733337
deer,deer,0.938572883605957
horse,horse,0.9717731475830078
bird,bird,0.9992586970329285
cat,cat,0.9702038764953613
airplane,airplane,0.9997527003288269
automobile,automobile,0.9999809265136719
cat,deer,0.4873490631580353
horse,horse,0.9996775388717651
truck,truck,0.9998818635940552
truck,truck,0.9999966621398926
airplane,airplane,0.9978894591331482
horse,horse,0.9994056224822998
dog,dog,0.9033746719360352
frog,frog,0.998857855796814
horse,horse,0.9995501637458801
automobile,automobile,1.0
bird,bird,0.9993719458580017
bird,cat,0.9827811121940613
horse,horse,0.9999815225601196
deer,deer,0.8277772665023804
frog,frog,0.9999642372131348
ship,ship,0.9999899864196777
deer,deer,0.9951135516166687
truck,truck,0.9999949932098389
ship,ship,0.9999998807907104
deer,deer,0.9750806093215942
truck,truck,0.9999984502792358
bird,bird,0.5624260902404785
cat,cat,0.9999997615814209
deer,frog,0.35980257391929626
airplane,airplane,0.9998384714126587
bird,bird,0.9991610050201416
dog,dog,0.9960085153579712
frog,frog,0.9999947547912598
airplane,cat,0.7033672332763672
dog,dog,0.6591033339500427
cat,cat,0.5708436369895935
dog,dog,0.9983730316162109
ship,ship,1.0
cat,cat,0.8333299160003662
horse,dog,0.6225597858428955
deer,frog,0.6734300851821899
truck,truck,0.9999727010726929
dog,dog,0.8571314811706543
frog,frog,0.999355137348175
cat,cat,0.9523760080337524
ship,ship,0.996699869632721
frog,frog,0.9971312284469604
truck,truck,0.9961060881614685
ship,ship,0.9984210729598999
dog,dog,0.9995410442352295
dog,dog,0.9999734163284302
ship,ship,0.9999998807907104
cat,cat,0.6793354749679565
dog,dog,0.9917565584182739
truck,truck,0.9686253070831299
airplane,ship,0.8879026174545288
deer,deer,0.9859786629676819
bird,dog,0.934412956237793
airplane,airplane,0.9987565279006958
dog,dog,0.9999185800552368
truck,truck,0.9995952248573303
truck,truck,0.9920918941497803
cat,cat,0.9988973140716553
ship,ship,1.0
airplane,airplane,0.9916332960128784
frog,frog,0.9992062449455261
airplane,airplane,0.9973573088645935
bird,bird,0.9994267225265503
cat,cat,0.8666563630104065
horse,horse,0.9999914169311523
airplane,airplane,0.8984768986701965
airplane,airplane,0.9586535692214966
frog,frog,0.9998270869255066
truck,truck,0.9999991655349731
automobile,automobile,0.9999984502792358
dog,dog,0.5031201243400574
bird,horse,0.44787919521331787
bird,bird,0.9870232343673706
horse,horse,0.9949764013290405
truck,truck,0.9999656677246094
cat,cat,0.9999312162399292
truck,automobile,0.9717568159103394
cat,dog,0.5859462022781372
dog,dog,0.9952852129936218
bird,bird,1.0
bird,bird,0.9996139407157898
bird,bird,0.9556342363357544
ship,ship,0.9999996423721313
ship,ship,0.9954979419708252
dog,dog,0.999705970287323
airplane,airplane,0.9996905326843262
airplane,airplane,0.9999977350234985
horse,horse,0.999995231628418
airplane,airplane,0.9999949932098389
cat,deer,0.9774635434150696
automobile,automobile,0.9999995231628418
frog,cat,0.32089316844940186
dog,cat,0.5026752352714539
airplane,airplane,0.9588980674743652
truck,truck,1.0
bird,bird,0.9999998807907104
frog,frog,0.9994341731071472
horse,horse,0.9991301894187927
deer,deer,0.9999409914016724
bird,bird,0.9799324870109558
airplane,airplane,0.9999973773956299
airplane,airplane,0.9975438714027405
dog,horse,0.995919942855835
cat,bird,0.9245644807815552
cat,cat,0.8388708829879761
bird,bird,0.8189814686775208
frog,frog,0.9999887943267822
deer,deer,0.9949175119400024
bird,bird,0.9998072981834412
horse,horse,0.9999878406524658
ship,ship,0.9999531507492065
airplane,airplane,0.5317674875259399
automobile,automobile,0.9999513626098633
airplane,airplane,0.9897884130477905
automobile,automobile,0.9999701976776123
cat,cat,0.9840683341026306
frog,frog,0.9992805123329163
deer,deer,0.9989404082298279
ship,ship,0.999963641166687
airplane,bird,0.5272608995437622
frog,frog,0.9963862895965576
airplane,airplane,0.9996932744979858
truck,truck,0.9999970197677612
automobile,automobile,0.9997032284736633
frog,frog,0.9998443126678467
bird,bird,0.9607385396957397
automobile,automobile,0.9999998807907104
airplane,airplane,0.9954351782798767
automobile,automobile,0.9999996423721313
cat,cat,0.9941486120223999
airplane,airplane,0.9995779395103455
cat,cat,0.7825950980186462
horse,horse,0.999270498752594
truck,truck,0.9999986886978149
truck,truck,0.9960632920265198
cat,cat,0.9873977899551392
horse,horse,1.0
dog,dog,0.9966895580291748
horse,horse,0.9901394248008728
automobile,automobile,0.9999395608901978
frog,frog,0.9964266419410706
frog,frog,0.9999997615814209
automobile,truck,0.9897951483726501
automobile,automobile,0.9993780851364136
automobile,automobile,0.9959726929664612
deer,deer,0.8371279239654541
deer,deer,0.5398775339126587
bird,bird,1.0
automobile,automobile,0.9868324995040894
horse,horse,0.9983314871788025
airplane,airplane,0.9988369345664978
automobile,automobile,0.9994215965270996
bird,bird,0.9999417066574097
automobile,automobile,0.9998277425765991
automobile,automobile,1.0
cat,cat,0.9969863295555115
bird,deer,0.764924168586731
frog,frog,1.0
truck,truck,0.9998737573623657
automobile,truck,0.8967958092689514
cat,cat,0.9911229610443115
bird,bird,0.9999998807907104
airplane,airplane,0.9989967942237854
ship,ship,0.990965723991394
horse,horse,0.9999061822891235
cat,cat,0.8879966735839844
deer,bird,0.4390738308429718
frog,frog,0.9976535439491272
deer,deer,0.649376392364502
frog,frog,0.9999758005142212
truck,truck,0.9998072981834412
deer,deer,0.6139534711837769
ship,ship,0.9999995231628418
truck,truck,0.9999936819076538
cat,cat,0.541353166103363
airplane,airplane,0.9995822310447693
dog,dog,0.9999914169311523
horse,horse,0.9986634254455566
bird,bird,0.9999994039535522
airplane,airplane,0.9998310804367065
bird,bird,0.9428155422210693
truck,automobile,0.6436930894851685
truck,truck,0.9998489618301392
cat,cat,0.6868976354598999
ship,ship,1.0
horse,horse,0.9725201725959778
automobile,automobile,0.999934196472168
automobile,automobile,0.9999998807907104
bird,bird,0.9986323714256287
bird,bird,0.9999916553497314
bird,bird,0.9822400212287903
dog,dog,0.4591050148010254
truck,truck,0.9997808337211609
automobile,automobile,0.6932682394981384
bird,bird,0.9999998807907104
frog,frog,0.9849456548690796
automobile,automobile,0.9177261590957642
bird,bird,0.824457585811615
automobile,automobile,0.99935382604599
ship,ship,0.9999539852142334
truck,truck,0.9999645948410034
bird,bird,0.9999977350234985
cat,airplane,0.251920610666275
automobile,automobile,0.9913007616996765
truck,truck,0.9999721050262451
truck,truck,1.0
deer,deer,0.925609290599823
deer,deer,0.9999141693115234
dog,dog,0.5145326256752014
dog,dog,0.9994800686836243
airplane,airplane,0.9905062317848206
cat,cat,0.9960552453994751
cat,cat,0.7302559018135071
horse,horse,0.9566971659660339
automobile,automobile,0.9999984502792358
horse,horse,0.9999974966049194
horse,horse,0.9999977350234985
truck,truck,0.9211757779121399
ship,ship,0.9999990463256836
frog,frog,0.9989492297172546
cat,dog,0.890872061252594
dog,dog,0.9999865293502808
dog,dog,0.9978146553039551
automobile,automobile,0.9999958276748657
frog,frog,0.8693719506263733
bird,bird,1.0
horse,horse,0.6443185210227966
ship,ship,0.9999926090240479
deer,deer,0.9094554781913757
cat,cat,0.9983795881271362
cat,cat,0.9993011951446533
dog,dog,0.9999788999557495
truck,truck,0.9996457099914551
frog,frog,0.9984606504440308
ship,ship,0.9996724128723145
dog,dog,0.9937459230422974
automobile,automobile,0.9998953342437744
airplane,airplane,0.9647570848464966
frog,frog,0.9597947597503662
horse,horse,0.9623182415962219
airplane,airplane,0.7807970643043518
truck,truck,0.9999921321868896
frog,frog,0.9999994039535522
bird,airplane,0.7728023529052734
airplane,airplane,0.9975823163986206
ship,ship,0.9999270439147949
horse,horse,0.9982746839523315
automobile,automobile,0.9917654395103455
bird,bird,0.9813435673713684
frog,frog,0.8770577311515808
truck,truck,0.9988821148872375
automobile,automobile,0.9999992847442627
frog,frog,1.0
deer,deer,0.9910586476325989
horse,horse,0.9999849796295166
automobile,automobile,0.9999994039535522
truck,truck,0.9994482398033142
airplane,airplane,0.9998524188995361
airplane,airplane,0.978517472743988
dog,dog,0.9999576807022095
bird,bird,0.9790725111961365
ship,ship,0.8317791819572449
cat,cat,0.9133402109146118
ship,ship,0.9994650483131409
bird,cat,0.4521179795265198
ship,ship,0.9999654293060303
deer,deer,0.9906361699104309
airplane,airplane,0.9999940395355225
ship,ship,0.9999979734420776
cat,cat,0.9780464768409729
frog,frog,0.9634479284286499
automobile,automobile,0.9999740123748779
bird,dog,0.47080597281455994
cat,cat,0.9795159697532654
airplane,airplane,0.9980460405349731
dog,dog,0.9896523356437683
airplane,automobile,0.6190347075462341
deer,deer,0.9595242142677307
automobile,automobile,0.9971730709075928
horse,horse,0.9999269247055054
bird,bird,0.565065860748291
airplane,airplane,0.9999841451644897
automobile,automobile,0.9763210415840149
cat,cat,0.6168561577796936
truck,truck,0.9998589754104614
automobile,automobile,0.9998674392700195
frog,frog,0.9999986886978149
automobile,automobile,0.9999825954437256
frog,frog,0.9999988079071045
automobile,automobile,0.99997878074646
bird,bird,0.9999465942382812
ship,ship,0.9996920824050903
horse,horse,0.999922513961792
airplane,airplane,0.9999209642410278
truck,truck,0.999915599822998
dog,dog,0.9999802112579346
ship,airplane,0.8207854628562927
airplane,airplane,0.9502923488616943
airplane,airplane,0.9775436520576477
automobile,automobile,0.9999960660934448
horse,horse,0.9999152421951294
truck,truck,0.9999333620071411
horse,horse,0.991529107093811
automobile,automobile,0.9999730587005615
truck,truck,0.9999850988388062
bird,bird,0.9999992847442627
automobile,automobile,0.9996482133865356
truck,truck,0.9968547821044922
deer,airplane,0.5195290446281433
cat,cat,0.9643374085426331
frog,frog,0.9998606443405151
airplane,airplane,0.9999837875366211
bird,bird,1.0
airplane,airplane,0.9309557676315308
airplane,airplane,0.808658242225647
truck,truck,0.9999998807907104
truck,dog,0.5561115741729736
ship,ship,0.9999996423721313
truck,truck,0.9999983310699463
deer,bird,0.9412424564361572
dog,dog,0.9999911785125732
deer,dog,0.9484524130821228
cat,cat,0.9359081983566284
airplane,airplane,0.9917409420013428
horse,cat,0.6365045309066772
ship,ship,0.9999676942825317
horse,horse,0.9998012185096741
cat,cat,0.9746598601341248
horse,horse,0.9891814589500427
dog,dog,0.8790750503540039
deer,deer,0.9998053908348083
frog,frog,0.9988553524017334
dog,dog,0.9988968372344971
truck,truck,1.0
dog,dog,0.9854893088340759
bird,bird,0.9990022778511047
deer,airplane,0.671188235282898
bird,bird,0.8933944702148438
horse,horse,0.9999161958694458
truck,truck,1.0
frog,frog,0.999115526676178
horse,horse,0.997638463973999
deer,deer,0.9985874891281128
horse,horse,0.9902898669242859
automobile,automobile,0.9999157190322876
bird,bird,0.9999948740005493
cat,cat,0.9999501705169678
automobile,automobile,0.9996902942657471
automobile,automobile,0.9594363570213318
cat,cat,0.9985367059707642
frog,cat,0.8032205104827881
ship,ship,0.9999688863754272
cat,automobile,0.4558649957180023
horse,horse,0.9967225193977356
horse,horse,0.9600737690925598
airplane,airplane,0.9991360306739807
ship,ship,0.9993694424629211
automobile,automobile,0.9990019202232361
dog,dog,0.9985765218734741
bird,bird,0.970127284526825
dog,cat,0.4629364609718323
dog,dog,0.9742509126663208
cat,cat,0.919994592666626
frog,frog,0.9989533424377441
cat,cat,0.9989110231399536
dog,dog,0.5418450832366943
truck,truck,1.0
ship,ship,1.0
deer,deer,0.8717999458312988
frog,frog,0.9377211928367615
ship,ship,0.9993923902511597
airplane,airplane,0.9829592704772949
deer,deer,0.9994402527809143
automobile,automobile,0.9997802376747131
horse,horse,0.9994114637374878
ship,ship,0.9903075695037842
deer,deer,0.9954980611801147
truck,truck,0.9934555888175964
horse,deer,0.4950155019760132
bird,bird,0.9898999333381653
frog,frog,0.9999854564666748
cat,cat,0.9528282284736633
ship,ship,1.0
ship,ship,0.9999940395355225
frog,frog,0.9991528987884521
horse,horse,0.7543936371803284
cat,cat,0.9952227473258972
ship,ship,0.9999992847442627
automobile,automobile,0.9719754457473755
automobile,automobile,0.5544487237930298
dog,dog,0.9948335886001587
cat,cat,0.9987421631813049
horse,horse,0.5258816480636597
truck,truck,0.9999510049819946
truck,truck,0.9775545597076416
truck,truck,0.9999977350234985
ship,ship,0.9999011754989624
dog,dog,0.985803484916687
truck,truck,0.9999998807907104
truck,truck,0.9999997615814209
frog,frog,0.9999536275863647
ship,ship,0.9995113611221313
ship,ship,0.9999867677688599
deer,deer,0.877945601940155
ship,ship,0.9999933242797852
automobile,automobile,1.0
airplane,airplane,0.9967138767242432
automobile,automobile,0.9999089241027832
ship,ship,1.0
ship,ship,1.0
frog,frog,0.9997971653938293
dog,dog,0.9976062774658203
truck,truck,0.9963585734367371
airplane,airplane,0.9999985694885254
frog,frog,0.9975267052650452
automobile,automobile,0.9988529682159424
bird,bird,0.5187736749649048
frog,frog,0.999976634979248
frog,frog,0.9968600273132324
cat,cat,0.9966366291046143
dog,dog,0.9998414516448975
frog,frog,0.99994957447052
dog,dog,0.6575986742973328
dog,cat,0.986695408821106
cat,cat,0.5439537167549133
cat,cat,0.9803164601325989
frog,frog,0.9980575442314148
ship,ship,0.9974079728126526
truck,automobile,0.9962353110313416
deer,deer,0.9998694658279419
deer,bird,0.8124865889549255
cat,cat,0.9925958514213562
ship,ship,0.9999996423721313
cat,dog,0.528215229511261
frog,frog,0.9987930059432983
airplane,airplane,0.999407172203064
ship,ship,0.9999995231628418
dog,dog,0.9999164342880249
horse,horse,0.9991746544837952
ship,ship,0.9990153312683105
deer,deer,0.9894863367080688
frog,frog,0.7082586288452148
dog,dog,0.99998939037323
cat,cat,0.9994338154792786
automobile,automobile,0.9987327456474304
ship,ship,1.0
cat,cat,0.8388742208480835
airplane,airplane,0.8241742849349976
deer,deer,0.9926542043685913
deer,deer,0.9964084029197693
cat,cat,0.6540287733078003
cat,cat,0.9923276305198669
dog,dog,0.9996345043182373
cat,cat,0.9980385899543762
cat,cat,0.9999843835830688
bird,bird,0.9998295307159424
horse,horse,0.9999427795410156
horse,horse,0.9999957084655762
ship,ship,0.999496579170227
bird,bird,0.9899729490280151
airplane,airplane,0.9999703168869019
dog,dog,0.9999992847442627
dog,cat,0.7950802445411682
frog,frog,0.9999969005584717
automobile,automobile,0.9995388984680176
automobile,automobile,0.9999971389770508
cat,cat,0.6839621663093567
truck,truck,0.9996941089630127
truck,truck,0.9997802376747131
cat,cat,0.7772006392478943
frog,frog,0.9772342443466187
horse,horse,0.999992847442627
automobile,ship,0.4824616014957428
ship,ship,0.9995436072349548
cat,cat,0.9990867376327515
truck,truck,0.9998008608818054
ship,ship,0.9995514750480652
horse,horse,0.9981471300125122
ship,ship,0.9998574256896973
ship,ship,0.9975622892379761
airplane,airplane,0.9999656677246094
cat,cat,0.9968541264533997
bird,bird,0.9980677962303162
deer,deer,0.9470029473304749
ship,automobile,0.753517746925354
horse,horse,0.9999955892562866
dog,frog,0.6592762470245361
horse,horse,0.998993456363678
automobile,automobile,0.9808481931686401
ship,ship,0.9999980926513672
horse,horse,0.9994707703590393
cat,cat,0.8089200258255005
dog,dog,0.9998985528945923
deer,deer,0.9999936819076538
deer,deer,0.9828092455863953
cat,cat,0.9976118803024292
ship,ship,0.999594509601593
frog,frog,0.9983736276626587
automobile,automobile,0.8108974099159241
automobile,automobile,0.9999958276748657
frog,frog,0.9996358156204224
cat,cat,0.7560673356056213
bird,bird,0.9999954700469971
bird,bird,0.999998927116394
ship,airplane,0.7601121664047241
truck,truck,0.9999983310699463
ship,ship,0.9999333620071411
cat,cat,0.9986315369606018
cat,cat,0.9835137128829956
ship,automobile,0.9077335596084595
automobile,automobile,0.9992159605026245
automobile,automobile,0.9953161478042603
airplane,airplane,0.9996541738510132
dog,dog,0.988114058971405
bird,bird,1.0
airplane,airplane,0.9924008846282959
dog,cat,0.8168688416481018
airplane,airplane,0.9267523288726807
dog,dog,0.6347154378890991
ship,ship,0.7834570407867432
frog,frog,0.9999868869781494
cat,dog,0.5246339440345764
truck,truck,0.8203437328338623
frog,frog,0.9999958276748657
frog,frog,0.9715686440467834
cat,cat,0.9840917587280273
truck,truck,0.9992407560348511
deer,deer,0.9954606890678406
ship,ship,0.9819506406784058
cat,cat,0.8937208652496338
deer,deer,0.9993728995323181
cat,dog,0.4992671012878418
automobile,automobile,0.9997711777687073
automobile,automobile,0.9996351003646851
bird,bird,0.998176097869873
truck,truck,0.9999998807907104
horse,horse,0.9896979928016663
ship,ship,0.999754011631012
dog,dog,0.999993085861206
dog,dog,0.9001675248146057
ship,ship,0.9400816559791565
frog,frog,0.9992744326591492
truck,truck,0.9943426847457886
airplane,airplane,0.99998939037323
ship,ship,0.9999990463256836
cat,airplane,0.7666364312171936
dog,bird,0.9412181973457336
automobile,automobile,0.9987707734107971
cat,cat,0.5850788950920105
cat,cat,0.9998206496238708
dog,dog,0.972258985042572
dog,dog,0.8274364471435547
cat,cat,0.9999964237213135
ship,ship,0.9978439807891846
automobile,truck,0.8826346397399902
deer,deer,0.9775059223175049
frog,frog,0.9999798536300659
deer,deer,0.9999926090240479
bird,bird,0.9999744892120361
deer,deer,0.9983457326889038
cat,cat,0.999056875705719
ship,ship,1.0
truck,automobile,0.759483277797699
frog,frog,0.8753901124000549
frog,frog,0.9891170859336853
frog,frog,0.9984443783760071
dog,dog,0.3629564940929413
dog,dog,0.9801908731460571
bird,bird,0.9726324677467346
horse,horse,0.9991829991340637
horse,horse,0.999761164188385
deer,deer,0.9986578226089478
deer,deer,0.9999566078186035
truck,truck,0.999188244342804
cat,dog,0.518778920173645
ship,ship,0.9974281191825867
cat,dog,0.9837530851364136
horse,horse,0.9974775910377502
horse,horse,0.9999163150787354
ship,ship,1.0
dog,dog,0.9999833106994629
cat,cat,0.8965063095092773
truck,truck,0.9997273087501526
automobile,automobile,0.9990936517715454
frog,frog,0.9999771118164062
horse,cat,0.7959621548652649
cat,cat,0.9999279975891113
cat,cat,0.9867110848426819
cat,cat,0.9830926656723022
ship,ship,0.9998071789741516
dog,dog,0.9066374897956848
frog,frog,0.9540426731109619
automobile,automobile,0.9999862909317017
cat,cat,0.9966810345649719
horse,horse,0.9991195797920227
truck,truck,0.8954629898071289
frog,frog,1.0
automobile,automobile,0.999997615814209
frog,frog,0.9969057440757751
deer,deer,0.9971039891242981
truck,truck,0.9912466406822205
airplane,airplane,0.999381422996521
dog,dog,0.5325084328651428
horse,horse,0.9999827146530151
deer,deer,0.9998630285263062
truck,truck,1.0
automobile,automobile,0.9999995231628418
airplane,airplane,0.7284868955612183
airplane,airplane,0.9208976626396179
bird,bird,0.9501598477363586
horse,horse,0.9764926433563232
ship,ship,0.9870477318763733
cat,cat,0.4570182263851166
bird,bird,0.7890585660934448
horse,horse,0.6006420850753784
frog,frog,0.9999700784683228
automobile,automobile,0.9976521134376526
frog,frog,0.8872063755989075
frog,frog,0.9998276233673096
deer,deer,0.936169445514679
deer,deer,0.9940225481987
bird,bird,0.9892036318778992
automobile,automobile,0.6247051358222961
ship,ship,1.0
deer,deer,0.9996256828308105
deer,deer,0.9059811234474182
horse,horse,0.9622113704681396
ship,ship,0.9999997615814209
dog,dog,0.9640541076660156
ship,ship,1.0
truck,truck,0.9998981952667236
deer,deer,0.999763548374176
cat,cat,0.8528693318367004
bird,bird,0.9993438124656677
bird,cat,0.5830109715461731
truck,automobile,0.9865632057189941
cat,cat,0.8408557176589966
airplane,airplane,0.7695755362510681
automobile,automobile,0.9998936653137207
automobile,automobile,0.9997863173484802
automobile,automobile,0.9997560381889343
automobile,automobile,0.9999489784240723
frog,frog,0.986376941204071
ship,ship,0.9999560117721558
horse,truck,0.6921971440315247
automobile,automobile,1.0
cat,cat,0.9642164707183838
airplane,airplane,0.6327285170555115
deer,deer,0.9914010167121887
dog,dog,0.9996073842048645
airplane,airplane,0.9982736110687256
cat,cat,0.5838020443916321
airplane,airplane,0.9291666746139526
frog,frog,0.9945059418678284
bird,bird,0.9930576086044312
airplane,airplane,0.9994829893112183
truck,truck,0.9999996423721313
ship,ship,0.9999984502792358
frog,frog,0.9977666139602661
ship,ship,0.9984375834465027
dog,dog,0.5799708366394043
ship,ship,1.0
bird,bird,0.9999140501022339
truck,truck,0.9798237085342407
frog,frog,0.999994158744812
airplane,airplane,0.9994266033172607
frog,frog,0.9837360978126526
automobile,automobile,0.9995548129081726
ship,ship,0.9998499155044556
horse,horse,0.9941092729568481
cat,frog,0.5285452604293823
bird,bird,0.9999969005584717
bird,bird,0.9999973773956299
frog,frog,0.9995799660682678
dog,dog,0.9998918771743774
frog,frog,0.9998388290405273
truck,truck,1.0
bird,bird,0.9582685232162476
dog,frog,0.42835676670074463
deer,deer,0.9999822378158569
truck,truck,0.9999997615814209
ship,ship,0.6893906593322754
dog,dog,0.8804821372032166
cat,cat,0.9441719651222229
truck,truck,0.9999994039535522
cat,cat,0.9989523887634277
dog,dog,0.9999935626983643
horse,horse,0.9975123405456543
automobile,automobile,0.9991365075111389
ship,ship,0.9999245405197144
dog,cat,0.5308057069778442
ship,ship,1.0
frog,frog,0.9999866485595703
bird,bird,0.9477578997612
dog,dog,0.9519466161727905
automobile,automobile,0.9979026317596436
cat,cat,0.89308762550354
airplane,airplane,0.9708779454231262
deer,cat,0.4655054211616516
automobile,automobile,0.9901306629180908
truck,truck,0.9433591365814209
dog,dog,0.5878080725669861
deer,deer,0.9290894269943237
truck,truck,0.9941763877868652
bird,bird,0.9117749929428101
automobile,automobile,0.9999964237213135
deer,deer,0.7347702980041504
bird,deer,0.995322048664093
dog,dog,0.9941845536231995
truck,truck,0.9999746084213257
ship,ship,0.9999990463256836
horse,horse,0.9997287392616272
bird,bird,0.9896892309188843
automobile,automobile,0.999984622001648
frog,frog,0.976051926612854
truck,automobile,0.999126136302948
horse,horse,0.97439044713974
cat,cat,0.9998846054077148
frog,frog,0.9976479411125183
dog,dog,0.919041097164154
ship,ship,0.9991306662559509
airplane,airplane,0.6322116851806641
bird,bird,0.9999998807907104
bird,bird,0.998961329460144
deer,deer,1.0
truck,truck,0.9998121857643127
airplane,airplane,0.9737433195114136
dog,dog,0.9999611377716064
dog,dog,0.9961232542991638
deer,deer,0.9856116771697998
bird,cat,0.33780065178871155
cat,cat,0.7819258570671082
automobile,automobile,0.9999910593032837
airplane,airplane,0.9996123909950256
cat,cat,0.407067209482193
airplane,airplane,0.996357262134552
deer,deer,0.999954342842102
deer,deer,0.6857165098190308
truck,truck,0.5934461355209351
automobile,automobile,0.9999266862869263
cat,cat,0.7027420401573181
cat,cat,0.999923825263977
airplane,airplane,0.9179583191871643
bird,dog,0.6574468016624451
automobile,automobile,0.9999881982803345
automobile,automobile,0.9999996423721313
airplane,airplane,0.9677836298942566
deer,deer,0.9837893843650818
automobile,automobile,0.9999715089797974
truck,truck,0.9990779161453247
deer,deer,0.9999065399169922
ship,ship,0.9999345541000366
automobile,automobile,0.9999994039535522
automobile,automobile,0.9996107220649719
automobile,automobile,0.9847298264503479
dog,dog,0.9999982118606567
truck,truck,0.9999964237213135
ship,ship,0.9964499473571777
automobile,automobile,0.986339807510376
frog,frog,0.9994086027145386
horse,horse,0.9999927282333374
bird,bird,0.999995231628418
truck,truck,0.9883822798728943
truck,truck,1.0
horse,cat,0.5438399910926819
ship,ship,1.0
ship,ship,0.9999657869338989
automobile,automobile,0.9999985694885254
truck,truck,0.9973161816596985
horse,horse,0.9991101622581482
ship,ship,0.9999958276748657
truck,ship,0.9894234538078308
automobile,automobile,1.0
frog,frog,0.9999574422836304
frog,frog,0.9997430443763733
cat,cat,0.8881078958511353
cat,cat,0.6370686292648315
automobile,automobile,0.9874481558799744
cat,cat,0.9988399147987366
airplane,airplane,0.9514481425285339
ship,ship,0.9999994039535522
ship,ship,0.9999697208404541
cat,cat,0.8678297996520996
frog,frog,0.9999957084655762
frog,frog,0.9994100332260132
horse,horse,0.8333682417869568
automobile,truck,0.959186315536499
airplane,airplane,0.9999411106109619
horse,horse,0.71014404296875
frog,frog,0.9876554608345032
deer,deer,0.9931920170783997
ship,ship,0.961871325969696
bird,cat,0.8642455339431763
airplane,airplane,0.9999858140945435
frog,frog,1.0
frog,frog,0.9527233242988586
ship,ship,0.9940993785858154
frog,frog,0.9997988343238831
cat,frog,0.47282811999320984
automobile,truck,0.9737952351570129
automobile,automobile,0.9999902248382568
ship,ship,0.9999593496322632
frog,frog,0.9967923760414124
horse,horse,0.9998258948326111
airplane,airplane,0.9999521970748901
dog,dog,0.9999649524688721
deer,deer,0.9999213218688965
cat,cat,0.9989232420921326
bird,bird,0.9990224838256836
automobile,automobile,0.995395839214325
horse,horse,0.9954772591590881
ship,ship,0.9996582269668579
bird,bird,0.8887183666229248
airplane,airplane,0.9781252145767212
automobile,automobile,0.9987698197364807
horse,horse,0.9637137651443481
deer,deer,0.9831507802009583
ship,ship,0.9999980926513672
horse,horse,0.9999967813491821
frog,frog,0.9939502477645874
frog,frog,0.9979878664016724
horse,horse,0.9832556247711182
airplane,airplane,0.999911904335022
frog,frog,0.9697442650794983
deer,horse,0.7168794870376587
truck,truck,0.9896209239959717
bird,airplane,0.6509316563606262
cat,cat,0.6788755059242249
bird,bird,0.7293785810470581
automobile,automobile,0.999968409538269
cat,dog,0.8927972912788391
ship,ship,0.99989914894104
frog,frog,0.9997310042381287
ship,ship,0.9971708655357361
automobile,automobile,0.9997603297233582
truck,truck,0.9999489784240723
frog,frog,0.9668101072311401
horse,horse,0.9999661445617676
frog,frog,0.9874901175498962
dog,dog,0.8394468426704407
airplane,bird,0.5878205299377441
frog,frog,0.9985206723213196
airplane,airplane,0.9994077682495117
automobile,automobile,0.999996542930603
cat,cat,0.9999923706054688
automobile,automobile,0.9794101715087891
automobile,automobile,0.9086114764213562
dog,dog,0.9977961778640747
cat,cat,0.5578134655952454
deer,deer,0.47712671756744385
cat,cat,0.9083868265151978
cat,cat,0.8369860053062439
ship,ship,0.9996654987335205
automobile,automobile,0.9792482852935791
frog,frog,0.8088493943214417
frog,frog,0.9999971389770508
automobile,automobile,0.996243953704834
ship,ship,0.9999996423721313
ship,ship,0.9932244420051575
frog,frog,0.9999948740005493
bird,bird,0.9999710321426392
horse,horse,0.985243558883667
deer,deer,0.9999508857727051
frog,frog,0.9999432563781738
ship,ship,0.9999278783798218
truck,truck,0.9997164607048035
cat,cat,0.9976892471313477
cat,dog,0.961316704750061
dog,dog,0.6204920411109924
dog,dog,0.8112146258354187
cat,cat,0.9531254768371582
automobile,automobile,0.9999305009841919
deer,deer,0.9999992847442627
automobile,automobile,0.9999983310699463
truck,truck,0.9941322207450867
dog,dog,0.9747796654701233
automobile,automobile,0.9998452663421631
horse,horse,0.9999405145645142
horse,horse,0.9999865293502808
horse,horse,0.9979269504547119
dog,dog,0.9998987913131714
bird,bird,0.9704897999763489
cat,cat,0.8645390868186951
cat,cat,0.9952574372291565
frog,frog,0.7842370867729187
frog,frog,0.9995032548904419
frog,frog,0.999934196472168
deer,deer,0.9970964193344116
airplane,airplane,0.9999936819076538
horse,deer,0.3649733066558838
automobile,automobile,0.9942670464515686
horse,deer,0.5082575678825378
cat,frog,0.9722132682800293
airplane,airplane,0.9990656971931458
ship,ship,0.48028406500816345
automobile,automobile,0.9999936819076538
bird,bird,0.9723845720291138
deer,deer,0.9907858371734619
automobile,automobile,0.9999934434890747
bird,bird,0.9999996423721313
bird,bird,0.9997498393058777
deer,deer,0.9890410304069519
truck,truck,0.9999946355819702
ship,ship,0.9989927411079407
bird,cat,0.6944089531898499
ship,ship,0.9995280504226685
horse,horse,0.9821049571037292
frog,frog,0.9992619156837463
cat,cat,0.9074224829673767
deer,deer,0.6417302489280701
horse,horse,0.9999945163726807
bird,airplane,0.7344498634338379
cat,cat,0.9878805875778198
automobile,automobile,0.9891483187675476
dog,dog,0.9976115226745605
cat,cat,0.9999010562896729
airplane,airplane,0.9269257187843323
deer,deer,0.9973167777061462
cat,cat,0.9999806880950928
deer,deer,0.9810965657234192
truck,truck,0.9227521419525146
deer,horse,0.6581109762191772
horse,horse,0.9995242357254028
truck,truck,0.9996116757392883
automobile,automobile,0.9999289512634277
horse,horse,0.9503317475318909
ship,ship,0.9947754144668579
cat,cat,0.5670009851455688
automobile,automobile,0.499798983335495
ship,ship,0.9999157190322876
cat,cat,0.998816967010498
bird,bird,0.998715877532959
dog,dog,0.9934858679771423
horse,horse,0.9999969005584717
bird,bird,0.9996738433837891
horse,horse,0.9999698400497437
truck,truck,0.999995231628418
frog,frog,0.9999456405639648
ship,ship,0.9999619722366333
frog,frog,1.0
ship,airplane,0.8505690693855286
frog,frog,0.9493868947029114
dog,dog,0.9523140788078308
truck,truck,0.9999977350234985
airplane,airplane,0.9921987652778625
deer,deer,0.9984636306762695
ship,ship,0.999984622001648
dog,dog,0.9997090697288513
frog,frog,0.9895185828208923
deer,deer,0.6218770146369934
cat,cat,0.9990839958190918
ship,ship,0.9999998807907104
airplane,airplane,0.9475162625312805
deer,deer,0.9993934631347656
ship,ship,0.9763005971908569
frog,frog,0.9996160268783569
horse,horse,0.9861382842063904
bird,bird,0.9999986886978149
horse,horse,0.739762008190155
automobile,automobile,0.9998819828033447
horse,horse,0.9762296080589294
deer,deer,1.0
automobile,automobile,1.0
bird,bird,0.9999938011169434
deer,deer,0.9999982118606567
bird,bird,0.995522141456604
bird,bird,0.9995527863502502
ship,ship,0.9999978542327881
horse,horse,0.9999070167541504
bird,bird,0.7106731534004211
bird,bird,0.9255651235580444
frog,frog,0.9160872101783752
horse,horse,0.5019433498382568
dog,horse,0.6969578266143799
frog,frog,0.9835192561149597
ship,ship,0.9995470643043518
truck,truck,0.9996581077575684
truck,truck,0.9994286894798279
frog,dog,0.7057954668998718
dog,dog,0.9999929666519165
bird,bird,0.9999650716781616
truck,truck,0.9999949932098389
ship,ship,0.9999932050704956
horse,horse,0.9999186992645264
bird,bird,0.9997749924659729
cat,cat,0.4345102608203888
cat,cat,0.9970809817314148
horse,horse,0.9892143607139587
deer,deer,0.9999294281005859
cat,cat,0.9425547122955322
bird,bird,0.9981447458267212
automobile,automobile,0.4707019329071045
truck,truck,0.9975306391716003
airplane,ship,0.8727201819419861
automobile,automobile,0.9925583600997925
dog,dog,0.9392985105514526
cat,dog,0.8040910959243774
bird,bird,0.9999969005584717
frog,frog,1.0
dog,dog,0.8270263671875
truck,truck,1.0
automobile,automobile,0.9619832038879395
dog,dog,0.9336957335472107
deer,deer,0.9679400324821472
cat,cat,0.9999997615814209
frog,frog,0.9961704611778259
bird,bird,0.5307278633117676
ship,deer,0.4938852787017822
truck,truck,0.997723400592804
horse,horse,0.9613330960273743
ship,ship,0.9999902248382568
airplane,airplane,0.6728712916374207
ship,ship,0.9999995231628418
truck,truck,0.999998927116394
automobile,automobile,0.9999489784240723
bird,bird,0.9905733466148376
dog,dog,0.9942200183868408
horse,horse,0.9993473887443542
bird,bird,0.9989157915115356
airplane,airplane,0.9999990463256836
frog,frog,0.9996476173400879
frog,frog,0.965796709060669
automobile,automobile,1.0
frog,frog,0.9998466968536377
cat,cat,0.7721072435379028
automobile,automobile,0.9957787990570068
dog,dog,0.8536287546157837
airplane,airplane,0.9913910627365112
cat,cat,0.6225845813751221
horse,horse,0.9937589168548584
deer,deer,0.9394022226333618
frog,frog,0.9849295020103455
dog,dog,0.9983630776405334
frog,frog,0.9978577494621277
deer,deer,0.9993895292282104
ship,airplane,0.719614565372467
cat,cat,0.9981586337089539
deer,deer,0.9776135683059692
dog,dog,0.9972301125526428
dog,dog,0.9999988079071045
airplane,airplane,0.9821679592132568
frog,frog,0.9997352957725525
frog,deer,0.8616560101509094
horse,horse,0.9991492033004761
dog,cat,0.8458632230758667
airplane,airplane,0.9993293285369873
truck,truck,0.9999747276306152
truck,truck,0.9979467988014221
frog,frog,0.978890061378479
automobile,automobile,0.9953771829605103
airplane,airplane,0.9999619722366333
deer,deer,0.7822855114936829
frog,frog,0.9998819828033447
cat,cat,0.7841249704360962
frog,frog,0.997040331363678
truck,truck,0.9999985694885254
cat,bird,0.6351173520088196
frog,frog,0.9999997615814209
frog,frog,0.99989914894104
ship,ship,0.9951918125152588
bird,bird,0.9138832092285156
automobile,automobile,0.9919605851173401
airplane,airplane,0.9999847412109375
automobile,automobile,0.9999525547027588
truck,truck,0.9999983310699463
cat,cat,0.9552345275878906
horse,horse,0.9997904896736145
deer,deer,0.8677714467048645
cat,cat,0.9995701909065247
airplane,airplane,0.9999812841415405
bird,bird,0.999913215637207
horse,horse,0.9979491829872131
frog,frog,0.9871418476104736
deer,deer,0.999237060546875
cat,cat,0.9967363476753235
airplane,airplane,0.8736322522163391
ship,ship,0.9998470544815063
bird,horse,0.5753968358039856
airplane,airplane,0.9849055409431458
airplane,airplane,0.9783775210380554
truck,truck,1.0
frog,frog,0.999983549118042
frog,frog,0.999774158000946
frog,frog,0.9997640252113342
ship,ship,0.9999431371688843
horse,horse,0.9939689636230469
deer,deer,0.9970423579216003
automobile,automobile,0.9999865293502808
ship,ship,0.9999520778656006
automobile,automobile,0.9995653033256531
bird,bird,0.9053235650062561
bird,airplane,0.8385236263275146
deer,deer,0.9919610619544983
ship,ship,0.9999957084655762
dog,dog,0.9998644590377808
bird,bird,0.9999996423721313
frog,frog,0.9999988079071045
dog,dog,0.9990230798721313
cat,cat,0.6213910579681396
truck,truck,0.9999979734420776
automobile,automobile,0.6246281862258911
airplane,airplane,0.9999688863754272
horse,horse,0.9999955892562866
bird,bird,0.9999068975448608
deer,deer,0.9259756803512573
deer,deer,0.9606802463531494
airplane,airplane,0.9975976347923279
airplane,truck,0.6361202597618103
frog,deer,0.844556987285614
bird,bird,0.9999276399612427
bird,bird,0.9999986886978149
deer,deer,0.9303221702575684
airplane,airplane,0.9999998807907104
dog,dog,0.9618973731994629
truck,truck,0.9999933242797852
horse,horse,0.9812322854995728
automobile,automobile,0.9999996423721313
ship,ship,1.0
deer,deer,0.9901314973831177
dog,dog,0.37951183319091797
dog,dog,0.9844932556152344
truck,truck,0.9998903274536133
ship,ship,0.9555048942565918
dog,dog,0.991773784160614
horse,horse,0.9587059617042542
ship,ship,0.9998188614845276
airplane,airplane,0.8557904958724976
truck,truck,0.9997206330299377
ship,ship,0.9999781847000122
truck,truck,0.9999963045120239
automobile,automobile,1.0
frog,frog,0.9996452331542969
cat,cat,0.9083788394927979
ship,ship,0.9977608919143677
airplane,airplane,0.9999914169311523
cat,cat,0.9997041821479797
deer,deer,0.8251162767410278
deer,deer,0.9992870688438416
ship,ship,1.0
deer,deer,0.9915885329246521
ship,ship,0.9999998807907104
truck,truck,0.9999903440475464
ship,ship,0.9995173215866089
frog,frog,0.9999986886978149
airplane,airplane,0.9999812841415405
airplane,airplane,0.999977707862854
ship,ship,0.9999241828918457
bird,bird,0.9976052045822144
horse,airplane,0.8923320770263672
deer,deer,0.8952068090438843
bird,bird,0.9397024512290955
dog,dog,0.997040331363678
frog,frog,0.9676496386528015
airplane,airplane,0.998895525932312
dog,dog,0.9971845746040344
ship,ship,0.9999986886978149
deer,deer,0.9937870502471924
automobile,automobile,0.9999926090240479
truck,truck,0.9999688863754272
airplane,airplane,0.9999192953109741
automobile,automobile,0.9999569654464722
deer,deer,0.9983957409858704
deer,deer,0.916423499584198
ship,ship,0.9999575614929199
deer,deer,0.9995874762535095
truck,truck,0.9999959468841553
frog,frog,0.9995618462562561
airplane,airplane,0.9915406107902527
horse,airplane,0.7944667935371399
horse,horse,0.9907321333885193
frog,frog,0.9985567927360535
ship,ship,0.9430364370346069
truck,truck,0.9999994039535522
frog,frog,0.7721150517463684
bird,bird,0.9991675615310669
airplane,airplane,0.9624840617179871
deer,deer,0.9973817467689514
truck,truck,1.0
deer,deer,0.9738077521324158
truck,truck,1.0
cat,cat,0.9548073410987854
truck,truck,1.0
frog,frog,0.9729067087173462
frog,frog,0.9872786998748779
horse,dog,0.9476178884506226
airplane,airplane,0.9999967813491821
truck,truck,0.998978853225708
horse,horse,0.9730516076087952
automobile,automobile,0.9967467784881592
ship,ship,0.9960740804672241
frog,frog,0.9998314380645752
airplane,cat,0.40538451075553894
frog,frog,0.9947487711906433
horse,deer,0.6901317238807678
deer,horse,0.9681100845336914
automobile,automobile,0.9999997615814209
truck,truck,0.9992058873176575
deer,deer,0.99992835521698
frog,frog,0.9546565413475037
horse,horse,0.9977543950080872
truck,truck,0.9999964237213135
ship,ship,0.9999998807907104
cat,cat,0.9982838034629822
truck,truck,0.9998971223831177
bird,bird,0.9995564818382263
automobile,automobile,0.9979972243309021
bird,bird,0.9828569293022156
horse,horse,0.9990341663360596
frog,frog,0.6640149354934692
automobile,automobile,0.8815233707427979
airplane,airplane,0.9856079816818237
airplane,airplane,0.9999954700469971
dog,dog,0.9999412298202515
frog,frog,0.9999909400939941
airplane,airplane,0.9980779886245728
deer,deer,0.9999229907989502
cat,cat,0.6185638904571533
bird,bird,0.9903467297554016
ship,ship,0.99998939037323
ship,ship,1.0
airplane,airplane,0.9953978657722473
frog,frog,0.9998328685760498
truck,truck,0.9996066689491272
dog,dog,0.9989451766014099
bird,bird,0.9999998807907104
ship,ship,1.0
horse,horse,0.7071966528892517
airplane,airplane,0.5053829550743103
frog,frog,0.9999936819076538
dog,dog,0.999988317489624
truck,truck,0.9999921321868896
horse,horse,0.6789014339447021
bird,bird,0.9178664088249207
cat,deer,0.6759876012802124
frog,frog,0.9984138011932373
truck,truck,0.9338757395744324
frog,frog,0.9999955892562866
bird,bird,0.9987053871154785
bird,bird,1.0
deer,deer,0.9999909400939941
automobile,automobile,0.9999897480010986
airplane,airplane,0.9989481568336487
dog,dog,0.9912205338478088
airplane,truck,0.9555487036705017
ship,ship,0.9999971389770508
truck,truck,0.9999994039535522
cat,cat,0.4148748517036438
dog,dog,0.9954110980033875
truck,truck,1.0
cat,cat,0.999964714050293
ship,ship,1.0
automobile,automobile,0.9999881982803345
frog,frog,0.6202985644340515
cat,cat,0.9999489784240723
horse,horse,0.9999771118164062
dog,dog,0.9225282073020935
frog,frog,0.9998311996459961
bird,bird,0.9999886751174927
airplane,airplane,0.9986385703086853
bird,bird,0.9997391104698181
ship,ship,0.9999822378158569
bird,bird,0.9820023775100708
ship,ship,0.9992716908454895
horse,horse,0.9935300946235657
horse,horse,0.606508731842041
ship,ship,1.0
automobile,automobile,0.9999408721923828
airplane,airplane,0.9999685287475586
ship,ship,0.9998505115509033
truck,truck,0.9999122619628906
horse,horse,0.9993259906768799
airplane,airplane,0.9983951449394226
cat,cat,0.9646603465080261
ship,ship,0.9503554701805115
airplane,airplane,0.8886293768882751
dog,dog,0.9999958276748657
truck,truck,0.9992818236351013
dog,dog,0.9930070638656616
ship,ship,0.9979665279388428
deer,truck,0.6703811287879944
bird,bird,0.9999421834945679
airplane,airplane,0.9916935563087463
truck,truck,0.999455988407135
bird,bird,0.9999948740005493
bird,deer,0.8621001839637756
deer,deer,0.7940082550048828
deer,horse,0.9822763800621033
truck,truck,0.999996542930603
bird,bird,0.9999871253967285
bird,frog,0.8261781334877014
bird,bird,0.9998437166213989
dog,dog,0.5727993845939636
automobile,automobile,0.9995539784431458
cat,cat,0.9729722738265991
bird,bird,0.9999972581863403
airplane,airplane,0.9998949766159058
airplane,airplane,0.9999970197677612
deer,deer,0.9999488592147827
airplane,airplane,0.9989401698112488
frog,frog,0.9999873638153076
dog,cat,0.6480790376663208
ship,ship,0.9999982118606567
airplane,airplane,0.999929666519165
dog,dog,0.9073193073272705
ship,ship,0.9994456171989441
frog,frog,1.0
deer,horse,0.9063654541969299
ship,ship,0.9999878406524658
dog,dog,0.9994645714759827
bird,bird,0.9999327659606934
truck,truck,0.9999996423721313
horse,horse,0.988326370716095
truck,truck,0.9999421834945679
horse,horse,0.9999991655349731
automobile,automobile,0.9943346977233887
airplane,airplane,0.918278694152832
automobile,automobile,0.9999997615814209
truck,truck,0.9984563589096069
frog,frog,0.9707131385803223
truck,truck,0.9999953508377075
bird,bird,0.9996973276138306
horse,horse,0.9725333452224731
truck,truck,0.9999958276748657
deer,deer,0.998088538646698
deer,deer,0.9999545812606812
airplane,airplane,0.9992233514785767
frog,frog,0.9250308275222778
bird,bird,0.9991004467010498
deer,deer,0.999721109867096
automobile,automobile,0.9981287121772766
cat,dog,0.9892306923866272
horse,horse,0.9997568726539612
bird,bird,0.6604112386703491
ship,ship,0.9999396800994873
dog,dog,0.774204432964325
truck,truck,0.9992101192474365
airplane,airplane,1.0
cat,cat,0.9968480467796326
bird,bird,0.9979885816574097
cat,cat,0.9999871253967285
bird,bird,0.9518618583679199
horse,horse,0.9999982118606567
frog,frog,0.9965521097183228
cat,cat,0.9049353003501892
bird,bird,0.9993149042129517
dog,dog,0.9454201459884644
truck,truck,0.999992847442627
airplane,airplane,0.9616335034370422
dog,dog,0.9999927282333374
truck,truck,0.9954351782798767
truck,truck,0.9860292077064514
ship,ship,1.0
horse,horse,0.9262705445289612
horse,horse,0.8226136565208435
deer,deer,0.9982472658157349
ship,ship,0.6272229552268982
frog,frog,0.8077510595321655
dog,cat,0.45109641551971436
bird,bird,1.0
cat,cat,0.9875384569168091
automobile,automobile,0.81351238489151
airplane,airplane,0.9999980926513672
deer,deer,0.9999897480010986
automobile,automobile,0.889228105545044
ship,ship,0.9963429570198059
ship,ship,1.0
deer,deer,0.999066174030304
truck,truck,0.9999996423721313
deer,deer,0.9926109910011292
deer,deer,0.999830961227417
cat,dog,0.7139719128608704
cat,cat,0.9769869446754456
truck,truck,0.9999876022338867
bird,bird,0.9985820055007935
airplane,airplane,0.9999843835830688
automobile,automobile,0.9999998807907104
automobile,automobile,0.6868985891342163
ship,ship,0.43103623390197754
deer,deer,0.9860110282897949
deer,deer,0.9986445307731628
ship,ship,0.9999998807907104
cat,cat,0.9706971049308777
bird,frog,0.9573673605918884
truck,truck,0.9998165965080261
dog,dog,0.9984626770019531
horse,horse,0.9987484216690063
frog,frog,0.9999997615814209
bird,frog,0.48975399136543274
dog,dog,0.9999997615814209
deer,deer,0.9846805930137634
horse,horse,0.998562753200531
cat,cat,0.9981337189674377
cat,cat,0.6028368473052979
truck,truck,0.748702883720398
airplane,airplane,0.9882110953330994
automobile,truck,0.8599990606307983
dog,dog,1.0
truck,truck,0.995918333530426
cat,cat,0.9674444198608398
horse,horse,0.9971219897270203
frog,frog,0.9959194660186768
airplane,airplane,0.9994964599609375
deer,deer,0.9996514320373535
bird,bird,0.9999532699584961
bird,bird,0.9999890327453613
dog,dog,0.999992847442627
frog,frog,0.9998773336410522
cat,cat,0.9996863603591919
ship,ship,0.9990147352218628
truck,truck,0.9997088313102722
dog,deer,0.4508724808692932
frog,frog,0.9816789031028748
automobile,automobile,0.9968857169151306
deer,deer,0.9999998807907104
dog,dog,0.5072421431541443
deer,deer,0.9999370574951172
frog,frog,0.9968706965446472
horse,horse,1.0
bird,bird,0.9999822378158569
automobile,automobile,0.9989211559295654
airplane,airplane,0.9939754605293274
bird,bird,0.9999936819076538
airplane,airplane,0.9994832277297974
deer,deer,0.9999996423721313
truck,truck,0.9995391368865967
ship,ship,0.9981458187103271
ship,ship,0.999517560005188
truck,truck,0.9999772310256958
automobile,automobile,0.9994086027145386
automobile,automobile,0.9999978542327881
dog,dog,0.9995444416999817
airplane,airplane,0.9998249411582947
airplane,airplane,0.9995508790016174
ship,ship,0.9999947547912598
horse,horse,0.9736472964286804
automobile,automobile,0.9975322484970093
horse,horse,0.9381718039512634
deer,deer,0.9969722032546997
dog,dog,0.9963377714157104
deer,deer,0.9998247027397156
cat,cat,0.9630764722824097
cat,cat,0.9764657020568848
bird,bird,0.9993582367897034
airplane,airplane,0.9995369911193848
frog,frog,0.9999325275421143
frog,frog,0.9998431205749512
airplane,airplane,0.9997507929801941
automobile,automobile,0.9999314546585083
cat,cat,0.9923136830329895
truck,truck,0.9999978542327881
ship,ship,0.9994472861289978
cat,cat,0.9979475140571594
horse,horse,0.9999842643737793
ship,ship,0.9999995231628418
truck,truck,0.9529339671134949
deer,deer,0.9999184608459473
ship,ship,0.9999828338623047
truck,truck,0.999998927116394
airplane,airplane,0.8117737770080566
truck,truck,0.9927825927734375
horse,horse,0.9999914169311523
automobile,automobile,0.9991545677185059
frog,frog,0.9999903440475464
bird,bird,0.9897021055221558
truck,truck,0.9891133308410645
dog,dog,0.9955005049705505
frog,bird,0.9586160182952881
truck,truck,0.9997820258140564
cat,cat,0.6526078581809998
truck,truck,0.9991445541381836
ship,ship,0.9999442100524902
horse,horse,0.9994257688522339
horse,horse,0.9997099041938782
automobile,automobile,0.999148964881897
frog,frog,0.9995940327644348
dog,dog,0.5995329022407532
cat,cat,0.6843661665916443
automobile,truck,0.9985053539276123
cat,cat,0.9968518614768982
automobile,automobile,0.966917872428894
bird,bird,0.7377744913101196
horse,cat,0.889102578163147
automobile,automobile,0.9974468946456909
ship,ship,0.9645155668258667
bird,frog,0.8956342339515686
airplane,airplane,0.9997313618659973
truck,truck,0.9998447895050049
horse,horse,0.8455750942230225
truck,truck,0.9998677968978882
ship,ship,0.9999949932098389
ship,ship,0.9996893405914307
frog,frog,0.9594318270683289
horse,horse,0.9999767541885376
cat,cat,0.9974296689033508
horse,horse,0.9999953508377075
automobile,automobile,0.9847938418388367
cat,deer,0.48573824763298035
truck,truck,0.9999998807907104
airplane,ship,0.5626817345619202
truck,truck,0.9999414682388306
cat,cat,0.999962568283081
frog,frog,0.9999988079071045
horse,horse,0.9028651714324951
bird,bird,0.9985139966011047
horse,dog,0.9908878803253174
cat,cat,0.9736065864562988
airplane,airplane,0.9999915361404419
dog,dog,0.9908230304718018
truck,truck,0.9991046786308289
horse,horse,0.9972875118255615
dog,cat,0.931358277797699
dog,dog,0.9999977350234985
airplane,airplane,0.8882026076316833
frog,frog,0.9998108744621277
dog,dog,0.997531533241272
automobile,automobile,0.9996846914291382
ship,ship,0.9999548196792603
bird,bird,0.9672603607177734
horse,horse,0.992476761341095
dog,cat,0.8125478029251099
truck,truck,0.9999775886535645
airplane,airplane,0.9999985694885254
airplane,airplane,0.9996337890625
airplane,airplane,0.9442214965820312
ship,ship,0.9990436434745789
ship,ship,0.9192191958427429
horse,horse,0.9974032044410706
cat,cat,0.9349018931388855
horse,horse,0.9850865602493286
ship,ship,0.999267041683197
truck,truck,0.9992567896842957
cat,cat,0.7730729579925537
horse,horse,0.999996542930603
truck,truck,0.9994515776634216
horse,horse,0.9999781847000122
ship,ship,0.9999866485595703
horse,horse,0.9960935711860657
truck,truck,0.9861457943916321
ship,ship,0.9973191618919373
dog,dog,0.9566420912742615
deer,deer,0.9999909400939941
ship,airplane,0.6528151631355286
cat,horse,0.6181915998458862
horse,horse,0.9999710321426392
frog,frog,0.9697041511535645
cat,cat,0.9988656044006348
ship,ship,0.9999672174453735
bird,bird,0.9997984766960144
automobile,automobile,0.999996542930603
truck,truck,0.9999998807907104
dog,dog,0.6025016903877258
horse,horse,0.912623405456543
cat,cat,0.8521270751953125
truck,truck,0.9968935251235962
dog,dog,0.9543402791023254
dog,dog,0.980141282081604
ship,ship,0.9999988079071045
horse,horse,0.9972557425498962
cat,cat,0.9996953010559082
dog,dog,0.996968686580658
cat,cat,0.999997615814209
dog,dog,0.9994847774505615
truck,truck,1.0
horse,horse,0.9999542236328125
frog,frog,0.9989194869995117
horse,horse,0.8876179456710815
cat,cat,0.6557885408401489
frog,frog,0.9997650980949402
deer,deer,0.9999111890792847
cat,dog,0.7215266823768616
truck,truck,0.9999974966049194
deer,deer,0.9999607801437378
bird,bird,0.9997319579124451
automobile,automobile,0.9999985694885254
truck,truck,0.998904824256897
frog,frog,0.9995875954627991
airplane,airplane,0.9255551695823669
bird,bird,0.9999128580093384
frog,cat,0.8308087587356567
horse,horse,0.5791622996330261
deer,deer,0.9614444971084595
horse,horse,0.9999233484268188
truck,truck,1.0
airplane,airplane,0.9999721050262451
horse,horse,0.9938532114028931
deer,deer,0.9999923706054688
cat,dog,0.6117082834243774
dog,dog,0.8759621977806091
cat,cat,0.9965471625328064
automobile,automobile,0.9823847413063049
automobile,automobile,1.0
bird,bird,0.983797013759613
frog,frog,0.9999969005584717
ship,ship,0.9996340274810791
bird,bird,0.9979705214500427
automobile,automobile,0.9285839200019836
horse,dog,0.5612051486968994
ship,ship,0.9998607635498047
dog,dog,0.9998966455459595
truck,truck,0.9492340087890625
frog,frog,0.9990359544754028
automobile,automobile,0.983735203742981
automobile,automobile,0.9155333042144775
dog,dog,0.9933667778968811
airplane,airplane,0.9999547004699707
frog,frog,1.0
airplane,airplane,0.9999074935913086
truck,truck,0.999998927116394
bird,bird,0.9999767541885376
frog,frog,0.9999994039535522
dog,dog,0.967885434627533
ship,ship,0.5380144715309143
truck,truck,0.9991625547409058
dog,dog,0.9576604962348938
dog,dog,0.9871096611022949
frog,frog,0.9999966621398926
bird,bird,0.9983592629432678
truck,truck,0.9999995231628418
automobile,automobile,0.9653789401054382
dog,dog,0.9164786338806152
ship,ship,0.9364200234413147
ship,ship,0.9999428987503052
horse,horse,0.9993714690208435
automobile,automobile,0.9999978542327881
horse,horse,0.9999902248382568
cat,dog,0.7289027571678162
dog,dog,0.762391984462738
deer,deer,0.9330658316612244
truck,truck,0.9905974268913269
horse,horse,0.9999991655349731
dog,cat,0.9522385001182556
bird,bird,0.99997878074646
truck,truck,1.0
truck,truck,0.9999752044677734
deer,deer,0.9752678275108337
horse,bird,0.773492693901062
deer,frog,0.654012143611908
automobile,automobile,0.9989728927612305
cat,cat,0.9959004521369934
ship,ship,0.9998378753662109
horse,horse,0.9998769760131836
truck,truck,0.9999980926513672
airplane,airplane,0.9996073842048645
deer,cat,0.41924089193344116
dog,dog,0.999685525894165
horse,horse,0.9999792575836182
dog,dog,0.9999992847442627
bird,bird,0.999579131603241
ship,ship,0.9981695413589478
horse,horse,0.9514074325561523
frog,frog,0.9990780353546143
truck,truck,0.9868778586387634
frog,frog,0.9991706609725952
truck,truck,0.9983429908752441
cat,dog,0.7201736569404602
ship,ship,0.9991065859794617
dog,dog,0.9975565671920776
frog,frog,0.9871087670326233
frog,frog,0.9988234639167786
truck,truck,1.0
dog,dog,0.9998507499694824
horse,horse,0.9961965084075928
ship,ship,1.0
airplane,airplane,0.9999698400497437
dog,cat,0.9739357829093933
airplane,airplane,0.9996657371520996
horse,horse,0.999154806137085
deer,deer,0.9996080994606018
ship,ship,0.9999649524688721
bird,bird,0.9948546886444092
dog,dog,0.9997149109840393
automobile,automobile,0.9007742404937744
cat,cat,0.8655893206596375
bird,bird,0.9976508021354675
bird,bird,0.9990091323852539
frog,frog,0.8609645962715149
bird,bird,0.9366199374198914
automobile,automobile,0.999963641166687
horse,cat,0.6179276704788208
deer,deer,0.9496896862983704
frog,frog,0.9996927976608276
cat,cat,0.7310850024223328
automobile,automobile,0.9926915764808655
cat,cat,0.9993133544921875
horse,horse,0.4515174925327301
bird,bird,0.9366127252578735
automobile,automobile,0.9957128763198853
cat,cat,0.9714387655258179
horse,horse,0.9998539686203003
airplane,airplane,0.9749153852462769
ship,ship,0.9999935626983643
deer,deer,0.9514439105987549
deer,deer,0.8539325594902039
dog,dog,0.9999986886978149
horse,horse,0.9999587535858154
truck,truck,0.9992278814315796
dog,dog,0.9868398904800415
deer,deer,0.9976035952568054
cat,cat,0.804263710975647
truck,truck,0.9861150979995728
frog,frog,0.9993402361869812
ship,ship,0.999993085861206
bird,bird,0.6119159460067749
cat,cat,0.9998838901519775
cat,cat,0.999796450138092
automobile,automobile,0.999909520149231
frog,frog,0.9972614049911499
automobile,automobile,0.9890903830528259
horse,horse,0.999998927116394
airplane,airplane,0.9995262622833252
cat,cat,0.9999616146087646
deer,deer,0.9988858103752136
bird,bird,0.9995852112770081
truck,automobile,0.8868303298950195
deer,deer,0.9982446432113647
dog,deer,0.6915793418884277
ship,ship,0.9998267292976379
bird,horse,0.9456238150596619
horse,horse,0.972596287727356
airplane,airplane,0.9999942779541016
truck,truck,0.9999997615814209
frog,frog,0.9785691499710083
ship,ship,0.9999827146530151
airplane,airplane,0.9999607801437378
ship,ship,0.9995144605636597
bird,bird,0.9999575614929199
ship,ship,0.9999983310699463
dog,dog,0.9999860525131226
horse,horse,0.999943733215332
horse,horse,0.9999978542327881
bird,bird,0.9984941482543945
bird,bird,0.99858558177948
airplane,airplane,0.9996615648269653
airplane,ship,0.6308563947677612
airplane,airplane,0.9632425904273987
horse,deer,0.814059317111969
deer,deer,0.9999186992645264
automobile,automobile,0.9999934434890747
frog,frog,0.9981119632720947
frog,frog,0.9998277425765991
ship,ship,0.9902104139328003
ship,ship,1.0
truck,truck,0.9870100021362305
airplane,airplane,0.9982983469963074
truck,truck,0.9968082308769226
airplane,airplane,0.999915361404419
automobile,automobile,1.0
cat,bird,0.5543874502182007
cat,cat,0.8314832448959351
airplane,airplane,0.9999139308929443
truck,truck,0.9999009370803833
frog,frog,0.973743200302124
frog,frog,0.9999200105667114
bird,bird,0.5997987389564514
frog,frog,0.9983925223350525
cat,cat,0.996146559715271
deer,airplane,0.5551722049713135
airplane,ship,0.9778110980987549
ship,ship,0.9993149042129517
deer,deer,0.9999821186065674
automobile,automobile,0.9986928105354309
deer,deer,0.9999586343765259
airplane,airplane,0.9994997978210449
frog,frog,0.9490517973899841
dog,dog,0.9879311323165894
airplane,airplane,0.6176854372024536
truck,truck,0.9999985694885254
truck,truck,1.0
truck,automobile,0.7381528615951538
truck,truck,1.0
automobile,automobile,0.999998927116394
bird,bird,0.8967192769050598
cat,cat,0.7779422998428345
dog,dog,0.9790094494819641
deer,deer,0.9999997615814209
bird,bird,0.9998077750205994
truck,truck,0.9999910593032837
frog,frog,0.9963349103927612
airplane,ship,0.9602354168891907
truck,truck,0.9999706745147705
frog,frog,0.9999995231628418
frog,frog,0.9999765157699585
ship,ship,0.9979829788208008
airplane,airplane,0.9999325275421143
frog,frog,0.9999998807907104
automobile,automobile,0.9431665539741516
deer,deer,0.9997935891151428
frog,frog,0.9999980926513672
ship,ship,0.9999897480010986
airplane,airplane,0.996414303779602
dog,dog,0.9997811913490295
deer,deer,0.9968059062957764
automobile,truck,0.7429673671722412
bird,bird,0.9999891519546509
airplane,airplane,0.9999997615814209
truck,truck,0.9999967813491821
frog,frog,0.9994136095046997
deer,deer,0.9999996423721313
bird,bird,0.9999921321868896
deer,deer,0.9993901252746582
frog,frog,0.9997677206993103
dog,dog,0.6915791630744934
truck,truck,1.0
horse,deer,0.9936758875846863
horse,horse,0.999997615814209
deer,deer,0.8409143686294556
frog,frog,0.9975676536560059
dog,dog,0.9953159093856812
airplane,airplane,0.9824537038803101
automobile,automobile,0.5666698813438416
truck,airplane,0.6322576999664307
airplane,airplane,0.9990076422691345
cat,cat,0.9366419315338135
automobile,automobile,0.9028342962265015
truck,truck,0.9999995231628418
airplane,airplane,0.9999988079071045
truck,truck,0.9999724626541138
horse,horse,0.9997071623802185
ship,ship,0.999988317489624
frog,frog,0.999810516834259
horse,horse,0.9999659061431885
frog,frog,0.9999183416366577
ship,ship,1.0
bird,bird,0.9117565751075745
deer,deer,0.9999933242797852
dog,dog,0.9999867677688599
cat,cat,0.7495992183685303
airplane,airplane,0.9968311190605164
cat,cat,0.970358669757843
bird,bird,0.9998811483383179
automobile,automobile,0.9999970197677612
horse,horse,0.9999923706054688
dog,dog,0.9822598099708557
truck,truck,0.9991781115531921
cat,cat,0.9761081337928772
deer,deer,0.9997517466545105
dog,dog,0.9876782298088074
horse,horse,0.745771050453186
automobile,automobile,0.9999998807907104
dog,dog,0.9961231350898743
airplane,airplane,0.9954602122306824
automobile,automobile,0.9999901056289673
automobile,automobile,0.9999998807907104
automobile,automobile,0.9985135197639465
truck,truck,0.9998794794082642
horse,horse,0.8534786105155945
dog,dog,0.9921925663948059
deer,deer,0.9981278777122498
truck,truck,0.9999997615814209
horse,horse,0.9983071088790894
ship,ship,0.9999988079071045
automobile,automobile,0.9902986288070679
airplane,airplane,0.9998680353164673
bird,bird,0.9941591024398804
ship,ship,0.9997867941856384
dog,dog,0.9971895813941956
frog,frog,0.978147566318512
horse,horse,0.9979314804077148
airplane,airplane,0.9998142123222351
automobile,automobile,0.9861260056495667
deer,deer,0.9999921321868896
ship,ship,0.9999949932098389
deer,deer,0.9998931884765625
deer,deer,0.9923354983329773
frog,frog,0.9998475313186646
frog,frog,0.9999991655349731
dog,dog,0.9268356561660767
ship,ship,0.999993085861206
automobile,automobile,0.9999970197677612
ship,ship,0.9999734163284302
deer,deer,0.9996312856674194
frog,frog,0.9999585151672363
dog,dog,0.7062805891036987
truck,truck,0.9999978542327881
bird,airplane,0.7393300533294678
bird,airplane,0.7161096334457397
automobile,automobile,0.9996125102043152
deer,deer,0.8729181289672852
truck,truck,1.0
automobile,automobile,0.9997541308403015
frog,frog,0.9964536428451538
horse,horse,0.9986363053321838
bird,bird,1.0
airplane,airplane,0.9955909252166748
automobile,automobile,0.9983794689178467
horse,horse,0.7502111792564392
frog,frog,1.0
dog,dog,0.7763383984565735
bird,bird,0.999998927116394
bird,bird,0.9977593421936035
dog,dog,0.9737823605537415
frog,frog,0.32260388135910034
airplane,airplane,0.9997023940086365
truck,ship,0.752991795539856
airplane,airplane,0.9855031967163086
automobile,automobile,0.9999996423721313
dog,dog,0.6680529117584229
cat,cat,0.9996718168258667
cat,cat,0.9996548891067505
dog,dog,0.9650707244873047
ship,ship,0.9999847412109375
horse,horse,0.9999366998672485
dog,frog,0.4752337336540222
frog,frog,0.9987084865570068
dog,dog,0.9891036748886108
ship,ship,1.0
airplane,airplane,0.9571481347084045
dog,dog,0.5560102462768555
truck,truck,0.9999879598617554
deer,deer,0.9997590184211731
frog,frog,1.0
dog,dog,0.9998888969421387
automobile,automobile,0.9990338087081909
automobile,automobile,0.9999953508377075
airplane,airplane,0.9998636245727539
cat,cat,0.7810291051864624
cat,cat,0.7186874747276306
truck,truck,0.9999608993530273
deer,deer,0.948828399181366
ship,ship,0.9988822340965271
automobile,automobile,0.9999967813491821
horse,horse,0.999976634979248
horse,horse,0.9998732805252075
truck,truck,0.9917395114898682
truck,truck,0.9999997615814209
deer,deer,0.9751111268997192
cat,cat,0.7725170254707336
frog,frog,0.9999974966049194
cat,deer,0.34643638134002686
bird,bird,0.9999686479568481
ship,ship,0.9999275207519531
bird,bird,0.998471200466156
horse,horse,0.9658347368240356
frog,frog,0.4802300035953522
horse,horse,0.9997150301933289
airplane,airplane,0.9991519451141357
bird,bird,0.99906986951828
automobile,automobile,0.9996669292449951
bird,bird,0.9998117089271545
truck,truck,0.8955148458480835
deer,deer,0.9863262176513672
frog,frog,0.6179516911506653
truck,truck,0.9999927282333374
frog,frog,0.9999231100082397
automobile,truck,0.4994145929813385
airplane,airplane,0.9965839385986328
automobile,automobile,0.9949049949645996
ship,ship,0.9936071634292603
horse,horse,0.9999971389770508
airplane,truck,0.9572390913963318
airplane,airplane,1.0
deer,deer,0.9573357701301575
horse,horse,0.9999991655349731
deer,deer,0.9999473094940186
bird,cat,0.5434010624885559
frog,frog,0.9982442855834961
truck,truck,0.9998571872711182
dog,dog,0.7869234085083008
truck,truck,0.9988616704940796
airplane,airplane,0.7792604565620422
horse,horse,0.9767552018165588
deer,deer,0.9999827146530151
dog,dog,0.897234320640564
ship,ship,1.0
automobile,automobile,0.9997573494911194
deer,deer,0.9964408278465271
horse,horse,0.9995610117912292
truck,truck,0.9998192191123962
truck,truck,0.9999006986618042
ship,ship,0.9999418258666992
ship,ship,0.9999476671218872
frog,frog,0.9954392313957214
cat,cat,0.9873813390731812
horse,horse,0.9976430535316467
airplane,airplane,0.9992101192474365
ship,ship,0.9997798800468445
truck,truck,0.9999117851257324
frog,frog,0.999950647354126
bird,bird,0.9998905658721924
deer,deer,0.62957364320755
frog,frog,0.9154601097106934
bird,bird,0.8899698853492737
truck,truck,0.9929817914962769
horse,horse,0.999964714050293
deer,horse,0.9482386112213135
frog,frog,0.9993743300437927
ship,ship,0.9998911619186401
dog,dog,0.9989649057388306
frog,frog,0.8419041037559509
automobile,automobile,0.9999332427978516
cat,frog,0.5254536271095276
dog,dog,0.8804177641868591
truck,truck,0.9999793767929077
truck,truck,0.9960783123970032
automobile,automobile,0.9538458585739136
cat,cat,0.9999829530715942
bird,bird,0.9919736385345459
airplane,airplane,0.9992536902427673
cat,cat,0.9976686835289001
airplane,airplane,0.9966555833816528
bird,bird,0.9981405735015869
airplane,airplane,0.9945534467697144
horse,horse,0.9953670501708984
cat,dog,0.479267954826355
truck,truck,0.999679446220398
cat,frog,0.4991210699081421
dog,dog,0.7800818681716919
horse,horse,0.9007939696311951
frog,frog,0.9995638728141785
dog,dog,0.9998112320899963
truck,truck,0.9982057809829712
dog,dog,0.9914992451667786
frog,frog,0.9998561143875122
automobile,automobile,0.9777267575263977
bird,bird,0.999313473701477
deer,deer,0.9959045052528381
airplane,airplane,0.9988351464271545
bird,bird,0.9671520590782166
horse,horse,0.9987515211105347
ship,ship,0.9993840456008911
deer,deer,0.8076102137565613
deer,deer,0.999771773815155
airplane,airplane,0.9940809607505798
truck,truck,0.9898006319999695
dog,dog,0.9964807629585266
truck,truck,0.9998518228530884
bird,deer,0.5611862540245056
truck,truck,0.9999788999557495
cat,cat,0.9997798800468445
bird,bird,0.986562192440033
deer,deer,0.9871288537979126
cat,cat,0.6531494855880737
bird,bird,0.9972834587097168
bird,bird,0.9969123601913452
ship,ship,0.9990656971931458
ship,ship,0.9999306201934814
frog,frog,0.9999836683273315
ship,airplane,0.48927047848701477
automobile,automobile,0.9999996423721313
frog,frog,0.9995982050895691
ship,ship,0.997407853603363
truck,truck,0.999700665473938
ship,ship,0.9118673801422119
bird,bird,0.7523331046104431
automobile,airplane,0.5016774535179138
deer,dog,0.8816373944282532
truck,truck,0.9850813746452332
automobile,automobile,0.999995231628418
dog,dog,0.9998940229415894
horse,horse,0.9998487234115601
automobile,automobile,0.9999978542327881
frog,frog,0.7918483018875122
airplane,airplane,0.9999427795410156
automobile,automobile,1.0
dog,dog,0.9883026480674744
bird,bird,0.9908912777900696
ship,ship,0.9999994039535522
automobile,automobile,0.9999992847442627
automobile,automobile,0.9981326460838318
cat,dog,0.7489190101623535
ship,bird,0.8640421032905579
automobile,automobile,0.999983549118042
cat,ship,0.392282098531723
automobile,automobile,0.9999868869781494
ship,ship,0.9999961853027344
dog,dog,0.9590449333190918
automobile,automobile,0.999993085861206
truck,automobile,0.6563562750816345
airplane,airplane,0.8790035843849182
cat,dog,0.7993800044059753
airplane,airplane,0.9954106211662292
deer,deer,0.999645471572876
airplane,airplane,0.9998425245285034
dog,dog,0.998325526714325
automobile,automobile,0.8850662112236023
bird,bird,0.739215075969696
airplane,airplane,0.999539852142334
deer,deer,0.9888778328895569
truck,truck,0.9999871253967285
dog,dog,0.9924182891845703
automobile,automobile,0.9752618074417114
bird,bird,0.9999998807907104
bird,deer,0.37798964977264404
horse,horse,0.7793301939964294
ship,ship,0.9994136095046997
horse,horse,0.9999971389770508
bird,bird,0.9999909400939941
deer,deer,0.9969640374183655
dog,dog,0.9702271223068237
cat,cat,0.9774758815765381
deer,cat,0.47694581747055054
airplane,airplane,0.9999938011169434
frog,frog,0.9966275095939636
automobile,automobile,0.9999985694885254
dog,dog,0.9999294281005859
truck,truck,0.9992283582687378
ship,ship,0.9999983310699463
airplane,airplane,0.9997089505195618
bird,bird,0.9995242357254028
airplane,airplane,0.9750639796257019
horse,deer,0.9985432624816895
frog,frog,0.9999037981033325
airplane,airplane,0.9988721013069153
dog,frog,0.7218849062919617
truck,truck,0.9999995231628418
horse,horse,0.9221210479736328
dog,dog,1.0
airplane,airplane,0.5767240524291992
deer,deer,0.9998773336410522
frog,frog,0.9831275939941406
airplane,airplane,0.9796395301818848
frog,frog,0.9998617172241211
cat,cat,0.9216932654380798
frog,frog,0.9999873638153076
ship,ship,0.9995455145835876
automobile,automobile,0.9999973773956299
automobile,truck,0.5315595865249634
ship,ship,0.9986463189125061
truck,truck,1.0
horse,dog,0.5268877744674683
bird,bird,0.9999951124191284
truck,truck,0.9999374151229858
airplane,airplane,0.9999638795852661
bird,bird,0.9999765157699585
bird,bird,0.8401000499725342
truck,truck,0.9999946355819702
airplane,airplane,0.9999730587005615
frog,frog,0.9942300319671631
dog,dog,0.9938126802444458
horse,horse,0.9618304371833801
horse,horse,0.999496340751648
truck,truck,0.8492391109466553
automobile,automobile,0.9274758100509644
horse,horse,0.963352620601654
truck,truck,0.9963982105255127
ship,ship,0.9995477795600891
deer,deer,0.9994637370109558
dog,dog,0.9994394183158875
airplane,airplane,0.9986245632171631
ship,ship,0.9987554550170898
airplane,airplane,1.0
bird,airplane,0.5965157151222229
dog,dog,0.9873987436294556
bird,bird,0.8264846205711365
automobile,truck,0.7313318252563477
deer,deer,0.9999995231628418
deer,deer,0.9998772144317627
ship,ship,0.9983248114585876
truck,truck,0.9999986886978149
horse,horse,0.9919582605361938
ship,ship,0.9999537467956543
cat,cat,0.5568065643310547
frog,frog,0.8364554047584534
frog,frog,0.9880187511444092
airplane,airplane,0.9999399185180664
automobile,automobile,0.9985641837120056
automobile,automobile,0.9999996423721313
automobile,automobile,0.9999276399612427
ship,ship,0.998306155204773
automobile,automobile,0.9999803304672241
deer,horse,0.6246747374534607
deer,deer,0.8488163352012634
airplane,airplane,0.9992689490318298
horse,horse,0.9999617338180542
ship,ship,1.0
bird,bird,0.9967918992042542
automobile,automobile,0.9999961853027344
bird,bird,0.9999996423721313
dog,horse,0.5851534605026245
deer,deer,0.5245568156242371
frog,frog,0.9840152263641357
airplane,airplane,0.991675078868866
dog,dog,1.0
horse,horse,0.9204652905464172
deer,deer,0.9758812785148621
deer,deer,0.9999347925186157
cat,cat,0.4996824562549591
truck,truck,0.9999990463256836
dog,deer,0.9395694732666016
ship,ship,0.9997338652610779
ship,ship,0.9966409206390381
airplane,airplane,0.9916719794273376
ship,ship,0.9007989168167114
horse,horse,0.9874365329742432
deer,deer,0.9989290833473206
automobile,automobile,0.9998980760574341
ship,ship,0.9990725517272949
deer,deer,0.9988835453987122
truck,truck,0.9999997615814209
dog,dog,0.9999985694885254
deer,deer,0.7938826680183411
automobile,automobile,0.9999891519546509
horse,horse,0.9957385063171387
horse,horse,0.9969853758811951
horse,horse,0.9971664547920227
horse,horse,0.9998542070388794
airplane,airplane,0.9843577146530151
cat,cat,0.9579893350601196
ship,ship,0.9999239444732666
cat,cat,0.7930585145950317
cat,cat,0.9855390787124634
airplane,airplane,0.9986029267311096
dog,dog,0.9999998807907104
horse,horse,0.7896705865859985
airplane,airplane,0.9999505281448364
ship,ship,1.0
airplane,airplane,0.9426838755607605
airplane,ship,0.8553041219711304
truck,truck,0.9996951818466187
bird,bird,0.9188479781150818
bird,airplane,0.9456236958503723
cat,cat,0.985628604888916
deer,deer,0.9962297081947327
ship,ship,0.98633873462677
bird,bird,0.8747727870941162
bird,bird,0.9998289346694946
frog,frog,0.9999995231628418
cat,deer,0.690729558467865
cat,dog,0.5130231976509094
frog,frog,0.9991549253463745
bird,bird,0.9815253019332886
truck,truck,0.9999799728393555
deer,deer,0.9948438405990601
airplane,airplane,0.9997655749320984
automobile,automobile,0.9980672001838684
horse,horse,0.9987903237342834
dog,dog,0.9999573230743408
dog,dog,0.9843009114265442
horse,horse,0.9997596144676208
cat,cat,0.9949278831481934
airplane,airplane,0.9998815059661865
deer,deer,0.9996694326400757
bird,bird,0.6842244267463684
airplane,airplane,0.7961856722831726
horse,horse,0.8616963624954224
dog,cat,0.7615212798118591
ship,ship,0.9393010139465332
airplane,airplane,0.9999688863754272
ship,ship,1.0
bird,bird,0.8432309031486511
horse,horse,0.9999330043792725
airplane,airplane,0.9999758005142212
cat,cat,0.9913860559463501
dog,dog,0.9723373651504517
cat,cat,0.9953084588050842
ship,ship,0.9974117875099182
cat,deer,0.4419960677623749
dog,dog,0.983752965927124
automobile,automobile,0.8342264294624329
horse,horse,0.9996278285980225
